,,,,,,,,,,,,,,,,,,,,,,,,,,,,,,,,,,MAC,,,SSID,,,,,,,main,sub,,,
WIFI,0.8.9,165742947,0,8,0,1,2695,2719,2668,275,11,0,0,0,0,0,0,0,0,0,0,8,0,0,0,0,0,0,0,0,9,3104,CA864A100000,4F5CA1D90000,,,,1672236678,14.6,0.000651876,0,0,0,Local MAC,,0,AP,0
WIFI,0.8.9,42824729,0,8,0,1,2695,2719,2668,234,0,0,0,0,0,0,0,0,0,0,0,5,0,0,0,1,0,0,0,0,3,3712,D2C805D10000,A5FF51A00000,,,koren wifi,1672236678,16,0.000303443,0,0,0,Unclassified,,0,AP,0
WIFI,0.8.9,42824729,0,8,0,1,2695,2719,2668,234,0,0,0,0,0,0,0,0,0,0,0,5,0,0,0,1,0,0,0,0,3,3712,D2C805D10000,A5FF51A00000,,,koren wifi,1672236678,14.6,0.003665818,0,0,0,Unclassified,,0,AP,0
WIFI,0.8.9,1448066443,0,8,0,1,2931,2955,2904,34,0,0,0,0,0,0,0,0,0,0,0,11,0,0,0,0,0,0,0,0,5,3088,65CDAA7B0000,BFA0E4680000,,,,1672236678,13.4,0.002930103,0,1,0,Stationary Device,Shenzhen Reecam Tech.Ltd.,4,unknown,0
WIFI,0.8.9,1976063856,0,8,0,1,3035,3058,3008,125,0,0,0,0,0,0,0,0,0,0,0,0,0,0,0,0,0,0,0,0,5,3104,65CDAA7B0000,BFA0E4680000,,,,1672236678,14.6,0.002194291,0,1,0,Stationary Device,Shenzhen Reecam Tech.Ltd.,4,client,0
WIFI,0.8.9,3025168955,0,8,0,1,3108,3132,3081,275,11,0,0,0,0,0,0,0,0,0,0,8,0,0,0,0,0,0,0,0,9,3120,CA864A100000,4F5CA1D90000,,,,1672236678,14.6,0.000651876,0,0,0,Local MAC,,0,AP,0
WIFI,0.8.9,1796153336,0,8,0,1,3321,3344,3294,20,0,0,0,0,0,0,0,0,0,0,1,11,0,0,0,0,0,0,0,0,0,0,C3114DDA0000,4116AFC10000,,,,1672236678,14.6,0.0046968,0,0,0,Unclassified,Shenzhen Trolink Technology CO LTD,1,unknown,0
WIFI,0.8.9,1796153336,0,8,0,1,3329,3352,3302,20,0,0,0,0,0,0,0,0,0,0,1,11,0,0,0,0,0,0,0,0,0,0,C3114DDA0000,4116AFC10000,,,,1672236678,14.6,0.003665818,0,0,0,Unclassified,Shenzhen Trolink Technology CO LTD,1,unknown,0
WIFI,0.8.9,1796153336,0,8,0,1,3329,3352,3302,20,0,0,0,0,0,0,0,0,0,0,1,11,0,0,0,0,0,0,0,0,0,0,C3114DDA0000,4116AFC10000,,,,1672236678,14,0.000209523,0,0,0,Unclassified,Shenzhen Trolink Technology CO LTD,1,unknown,0
WIFI,0.8.9,1796153336,0,8,0,1,3329,3352,3302,20,0,0,0,0,0,0,0,0,0,0,1,11,0,0,0,0,0,0,0,0,0,0,C3114DDA0000,4116AFC10000,,,,1672236678,14,0.000336962,0,0,0,Unclassified,Shenzhen Trolink Technology CO LTD,1,unknown,0
WIFI,0.8.9,1796153336,0,8,0,1,3329,3352,3302,20,0,0,0,0,0,0,0,0,0,0,1,11,0,0,0,0,0,0,0,0,0,0,C3114DDA0000,4116AFC10000,,,,1672236678,14.6,0.002194291,0,0,0,Unclassified,Shenzhen Trolink Technology CO LTD,1,unknown,0
WIFI,0.8.9,3189718123,0,8,0,1,3329,3352,,20,0,0,0,0,0,0,0,,0,0,1,11,0,0,0,0,0,0,0,0,0,1,C3114DDA0000,4116AFC10000,,,,1672236678,15.2,0.0065416,0,0,0,Unclassified,Shenzhen Trolink Technology CO LTD,1,unknown,0
WIFI,0.8.9,1796153336,0,8,0,1,3329,3352,3302,20,0,0,0,0,0,0,0,0,0,0,1,11,0,0,0,0,0,0,0,0,0,0,C3114DDA0000,4116AFC10000,,,,1672236678,14.6,0.000276227,0,0,0,Unclassified,Shenzhen Trolink Technology CO LTD,1,unknown,0
WIFI,0.8.9,1796153336,0,8,0,1,3329,3352,3302,20,0,0,0,0,0,0,0,0,0,0,1,11,0,0,0,0,0,0,0,0,0,0,C3114DDA0000,4116AFC10000,,,,1672236678,14.6,0.002194291,0,0,0,Unclassified,Shenzhen Trolink Technology CO LTD,1,unknown,0
WIFI,0.8.9,3189718123,0,8,0,1,3329,3352,3302,20,0,0,0,0,0,0,0,0,0,0,1,11,0,0,0,0,0,0,0,0,0,1,C3114DDA0000,4116AFC10000,,,,1672236678,14.6,0.000276227,0,0,0,Unclassified,Shenzhen Trolink Technology CO LTD,1,unknown,0
WIFI,0.8.9,1796153336,0,8,0,1,3329,3352,3302,20,0,0,0,0,0,0,0,0,0,0,1,11,0,0,0,0,0,0,0,0,0,0,C3114DDA0000,4116AFC10000,,,,1672236678,15.2,0.0065416,0,0,0,Unclassified,Shenzhen Trolink Technology CO LTD,1,unknown,0
WIFI,0.8.9,1677070274,0,8,0,1,3514,3537,3487,275,11,0,0,0,0,0,0,0,0,0,0,8,0,0,0,0,0,0,0,0,9,3136,CA864A100000,4F5CA1D90000,,,,1672236678,15.2,0.001526219,0,0,0,Local MAC,,0,AP,0
WIFI,0.8.9,2744180580,0,8,0,1,3614,3637,3587,234,0,0,0,0,0,0,0,0,0,0,0,5,0,0,0,1,0,0,0,0,3,3744,9D337E7E0000,A5FF51A00000,,,koren wifi,1672236678,14,0.000209523,0,0,0,Unclassified,,0,AP,0
WIFI,0.8.9,4272961066,0,8,0,1,3923,3947,3896,275,11,0,0,0,0,0,0,0,0,0,0,8,0,0,0,0,0,0,0,0,9,3152,CA864A100000,4F5CA1D90000,,,,1672236678,14.6,0.000276227,0,0,0,Local MAC,,0,AP,0
WIFI,0.8.9,3414659326,0,8,0,1,4476,4464,,14,9,0,0,0,0,0,0,,0,0,1,13,0,0,0,0,0,0,0,0,3,4094,70657B760000,4721BF4E0000,,,,1672236679,13.4,0.003174661,0,0,0,Unclassified,Labtam Limited,1,unknown,0
WIFI,0.8.9,1801323727,0,8,0,1,4663,4683,,14,9,0,0,0,0,0,0,,0,0,1,13,0,0,0,0,0,0,0,0,3,4094,70657B760000,4721BF4E0000,,,,1672236679,14.6,0.002194291,0,0,0,Unclassified,Labtam Limited,1,unknown,0
WIFI,0.8.9,1439837919,0,8,0,1,4680,4704,4654,14,0,0,0,0,0,0,0,0,0,0,1,13,0,0,0,0,0,0,0,0,10,3002,CA44A05A0000,4721BF4E0000,,,,1672236679,15.2,0.0065416,0,0,0,Unclassified,Labtam Limited,1,unknown,0
WIFI,0.8.9,601148113,0,8,0,1,4680,4704,,14,0,0,0,0,0,0,0,,0,0,1,13,0,0,0,0,0,0,0,0,3,4094,273D98000000,4721BF4E0000,,,,1672236679,15.2,0.0065416,0,0,0,Unclassified,Labtam Limited,1,unknown,0
WIFI,0.8.9,1949999742,0,8,0,1,4680,4704,4654,127,0,0,0,0,0,0,0,0,0,0,0,4,0,0,0,0,0,0,0,0,5,3904,CA864A100000,A23AB8310000,,,,1672236679,14.6,0.002997375,0,1,0,Stationary Device,Intel Corporate,4,client,0
WIFI,0.8.9,3308300351,0,8,0,1,4680,4704,4654,14,0,0,0,0,0,0,0,0,0,0,1,13,0,0,0,0,0,0,0,0,10,3002,9A3B3CAF0000,4721BF4E0000,,,,1672236679,14.6,0.0046968,0,0,0,Unclassified,Labtam Limited,1,unknown,0
WIFI,0.8.9,3100677611,0,8,0,1,4958,4981,,20,0,0,0,0,0,0,0,,0,0,1,11,0,0,0,0,0,0,0,0,0,0,C3114DDA0000,4116AFC10000,,,,1672236679,15.2,0.0065416,0,0,0,Unclassified,Shenzhen Trolink Technology CO LTD,1,unknown,0
WIFI,0.8.9,936905175,0,8,0,1,4958,4981,4931,94,0,0,0,0,0,0,0,0,0,0,2,8,1,0,0,0,0,0,1,0,13,1360,C3114DDA0000,4116AFC10000,,,,1672236679,14.6,0.002194291,0,0,0,Unclassified,Shenzhen Trolink Technology CO LTD,1,child,1
WIFI,0.8.9,1796153336,0,8,0,1,4958,4981,4931,20,0,0,0,0,0,0,0,0,0,0,1,11,0,0,0,0,0,0,0,0,0,0,C3114DDA0000,4116AFC10000,,,,1672236679,15.2,0.0065416,0,0,0,Unclassified,Shenzhen Trolink Technology CO LTD,1,child,1
WIFI,0.8.9,187016449,0,8,0,1,4958,4981,4931,94,0,0,0,0,0,0,0,0,0,0,2,8,1,0,0,1,0,0,1,0,13,1360,C3114DDA0000,4116AFC10000,,,,1672236679,15.2,0.0065416,0,0,0,Unclassified,Shenzhen Trolink Technology CO LTD,1,child,1
WIFI,0.8.9,167671734,0,8,0,1,5472,5499,5384,159,0,0,0,0,0,0,0,0,0,0,2,8,1,0,0,0,0,0,0,0,0,16,65CDAA7B0000,BFA0E4680000,,,,1672236679,13.4,0.003174661,0,1,0,Stationary Device,Shenzhen Reecam Tech.Ltd.,4,child,1
WIFI,0.8.9,931520211,0,8,0,1,5561,5584,5534,275,11,0,0,0,0,0,0,0,0,0,0,8,0,0,0,0,0,0,0,0,9,3216,CA864A100000,4F5CA1D90000,,,,1672236679,15.2,0.0065416,0,0,0,Local MAC,,0,AP,0
WIFI,0.8.9,3414659326,0,8,0,1,5722,5729,,14,9,0,0,0,0,0,0,,0,0,1,13,0,0,0,0,0,0,0,0,3,4094,70657B760000,4721BF4E0000,,,,1672236679,15.4,0.006027512,0,0,0,Unclassified,Labtam Limited,1,unknown,0
WIFI,0.8.9,1645765770,0,8,0,1,5970,5993,5943,275,11,0,0,0,0,0,0,0,0,0,0,8,0,0,0,0,0,0,0,0,9,3232,CA864A100000,4F5CA1D90000,,,,1672236679,14.6,0.002194291,0,0,0,Local MAC,,0,AP,0
WIFI,0.8.9,1821832050,0,8,0,1,6379,6403,6352,275,11,0,0,0,0,0,0,0,0,0,0,8,0,0,0,0,0,0,0,0,9,3248,CA864A100000,4F5CA1D90000,,,,1672236679,15.2,0.0065416,0,0,0,Local MAC,,0,AP,0
WIFI,0.8.9,3414659326,0,8,0,1,6488,6511,,14,9,0,0,0,0,0,0,,0,0,1,13,0,0,0,0,0,0,0,0,3,4094,70657B760000,4721BF4E0000,,,,1672236679,16,0.000303443,0,0,0,Unclassified,Labtam Limited,1,unknown,0
WIFI,0.8.9,737938794,0,8,0,1,6789,6812,6762,275,11,0,0,0,0,0,0,0,0,0,0,8,0,0,0,0,0,0,0,0,9,3264,CA864A100000,4F5CA1D90000,,,,1672236679,15.2,0.0065416,0,0,0,Local MAC,,0,AP,0
WIFI,0.8.9,2443951499,0,8,0,1,7198,7221,7171,275,11,0,0,0,0,0,0,0,0,0,0,8,0,0,0,0,0,0,0,0,9,3280,CA864A100000,4F5CA1D90000,,,,1672236679,15.2,0.006572471,0,0,0,Local MAC,,0,AP,0
WIFI,0.8.9,2741902499,0,8,0,1,7607,7631,7580,275,11,0,0,0,0,0,0,0,0,0,0,8,0,0,0,0,0,0,0,0,9,3296,CA864A100000,4F5CA1D90000,,,,1672236679,15.2,0.006572471,0,0,0,Local MAC,,0,AP,0
WIFI,0.8.9,3622515715,0,8,0,1,8017,8040,7990,275,11,0,0,0,0,0,0,0,0,0,0,8,0,0,0,0,0,0,0,0,9,3312,CA864A100000,4F5CA1D90000,,,,1672236679,15.2,0.006572471,0,0,0,Local MAC,,0,AP,0
WIFI,0.8.9,1453028963,0,8,0,1,8261,8284,,359,0,0,0,0,0,0,0,,0,0,0,5,0,0,0,0,0,0,0,0,14,640,44661260000,07CB9AE30000,,,DIRECT+AC0-aJC1860 Series,1672236680,14.6,0.002194291,0,0,0,Unclassified,,0,AP,0
WIFI,0.8.9,2202736740,0,8,0,1,8261,8284,8226,234,0,0,0,0,0,0,0,0,0,0,0,5,0,0,0,1,0,0,0,0,3,3776,44661260000,A5FF51A00000,,,koren wifi,1672236680,14.6,0.002194291,0,0,0,Unclassified,,0,AP,0
WIFI,0.8.9,4052825564,0,8,0,1,8261,8499,8226,359,0,0,0,0,0,0,0,0,0,0,0,5,0,0,0,1,0,0,0,0,14,640,44661260000,07CB9AE30000,,,DIRECT+AC0-aJC1860 Series,1672236680,16,0.0013,0,0,0,Unclassified,,0,AP,0
WIFI,0.8.9,2788060567,0,8,0,1,8614,8637,8587,277,0,0,0,0,0,0,0,0,0,0,0,8,0,0,0,0,0,0,0,0,15,1792,CA864A100000,3B1B07D20000,,,Endotech,1672236680,14.6,0.002194291,0,0,0,Stationary Device,,8,AP,0
WIFI,0.8.9,2974952587,0,8,0,1,8670,8693,8587,234,0,0,0,0,0,0,0,0,0,0,0,5,0,0,0,1,0,0,0,0,3,3792,CB6B62D50000,A5FF51A00000,,,koren wifi,1672236680,14.6,0.002194291,0,0,0,Unclassified,,0,AP,0
WIFI,0.8.9,2093190874,0,8,0,1,8835,8859,8808,275,11,0,0,0,0,0,0,0,0,0,0,8,0,0,0,0,0,0,0,0,9,3344,CA864A100000,4F5CA1D90000,,,,1672236680,14.6,0.003665818,0,0,0,Local MAC,,0,AP,0
WIFI,0.8.9,144452617,0,8,0,1,8935,8959,,407,0,0,0,0,0,0,0,,0,0,0,5,0,0,0,0,0,0,0,0,12,1456,A3D85CBD0000,EC781AEA0000,,,Wi+AC0-Charge+AF8-IOT,1672236680,14.6,0.002194291,0,0,0,Unclassified,Tp+AC0-Link Technologies Co.Ltd.,1,AP,0
WIFI,0.8.9,4091737722,0,8,0,1,9245,9268,9218,275,11,0,0,0,0,0,0,0,0,0,0,8,0,0,0,0,0,0,0,0,9,3360,CA864A100000,4F5CA1D90000,,,,1672236680,15.2,0.006572471,0,0,0,Local MAC,,0,AP,0
WIFI,0.8.9,2774716408,0,8,0,1,9396,9419,9369,277,0,0,0,0,0,0,0,0,0,0,0,8,0,0,0,0,0,0,0,0,15,1856,CA864A100000,3B1B07D20000,,,Endotech,1672236680,14.6,0.003665818,0,0,0,Stationary Device,,8,AP,0
WIFI,0.8.9,1314100514,0,8,0,1,9654,9677,9627,275,11,0,0,0,0,0,0,0,0,0,0,8,0,0,0,0,0,0,0,0,9,3376,CA864A100000,4F5CA1D90000,,,,1672236680,15.2,0.006572471,0,0,0,Local MAC,,0,AP,0
WIFI,0.8.9,1780884937,0,8,0,1,9857,9882,9832,277,0,0,0,0,0,0,0,0,0,0,0,8,0,0,0,0,0,0,0,0,15,1872,CA864A100000,3B1B07D20000,,,Endotech,1672236680,14,0.000209523,0,0,0,Stationary Device,,8,AP,0
WIFI,0.8.9,2583032027,0,8,0,1,10063,10087,10036,275,11,0,0,0,0,0,0,0,0,0,0,8,0,0,0,0,0,0,0,0,9,3392,CA864A100000,4F5CA1D90000,,,,1672236680,14.6,0.003665818,0,0,0,Local MAC,,0,AP,0
WIFI,0.8.9,1547496468,0,8,0,1,10339,10362,10311,359,0,0,0,0,0,0,0,0,0,0,0,5,0,0,0,0,0,0,0,0,14,736,F5CFC0810000,07CB9AE30000,,,DIRECT+AC0-aJC1860 Series,1672236680,15.4,0.006027512,0,0,0,Unclassified,,0,AP,0
WIFI,0.8.9,4214665131,0,8,0,1,10431,10454,10311,359,0,0,0,0,0,0,0,0,0,0,0,5,0,0,0,1,0,0,0,0,14,736,F5CFC0810000,07CB9AE30000,,,DIRECT+AC0-aJC1860 Series,1672236680,14,0.00287648,0,0,0,Unclassified,,0,AP,0
WIFI,0.8.9,78891315,0,8,0,1,10473,10496,10445,275,11,0,0,0,0,0,0,0,0,0,0,8,0,0,0,0,0,0,0,0,9,3408,CA864A100000,4F5CA1D90000,,,,1672236680,14.6,0.003665818,0,0,0,Local MAC,,0,AP,0
WIFI,0.8.9,2954923944,0,8,0,1,10660,10676,10461,277,0,0,0,0,0,0,0,0,0,0,0,8,0,0,0,0,0,0,0,0,15,1984,CA864A100000,3B1B07D20000,,,Endotech,1672236680,15.2,0.006572471,0,0,0,Stationary Device,,8,AP,0
WIFI,0.8.9,3413409258,0,8,0,1,10882,10905,10855,275,11,0,0,0,0,0,0,0,0,0,0,8,0,0,0,0,0,0,0,0,9,3424,CA864A100000,4F5CA1D90000,,,,1672236680,15.2,0.006572471,0,0,0,Local MAC,,0,AP,0
WIFI,0.8.9,799448450,0,8,0,1,11291,11315,11264,275,11,0,0,0,0,0,0,0,0,0,0,8,0,0,0,0,0,0,0,0,9,3440,CA864A100000,4F5CA1D90000,,,,1672236680,15.2,0.006572471,0,0,0,Local MAC,,0,AP,0
WIFI,0.8.9,3798587338,0,8,0,1,11711,11742,11683,95,0,0,0,0,0,0,0,0,0,0,0,4,0,0,0,0,0,0,0,0,11,16,CA864A100000,141C51590000,,,,1672236680,16,0.0013,0,0,0,Unclassified,Amazon Technologies Inc.,1,client,0
WIFI,0.8.9,2768942302,0,8,0,1,12057,12085,,234,0,0,0,0,0,0,0,,0,0,0,5,0,0,0,1,0,0,0,0,3,3824,D9C302AB0000,A5FF51A00000,,,koren wifi,1672236680,14.6,0.002194291,0,0,0,Unclassified,,0,AP,0
WIFI,0.8.9,1670391060,0,8,0,1,12241,12287,12215,234,0,0,0,0,0,0,0,0,0,0,0,5,0,0,0,0,0,0,0,0,3,3840,D9C302AB0000,A5FF51A00000,,,koren wifi,1672236680,15.2,0.003990485,0,0,0,Unclassified,,0,AP,0
WIFI,0.8.9,3158548533,0,8,0,1,12241,12287,,234,0,0,0,0,0,0,0,,0,0,0,5,0,0,0,1,0,0,0,0,3,3840,D9C302AB0000,A5FF51A00000,,,koren wifi,1672236681,15.2,0.003990485,0,0,0,Unclassified,,0,AP,0
WIFI,0.8.9,2551946131,0,8,0,1,12519,12543,12492,275,11,0,0,0,0,0,0,0,0,0,0,8,0,0,0,0,0,0,0,0,9,3488,CA864A100000,4F5CA1D90000,,,,1672236681,15.2,0.006572471,0,0,0,Local MAC,,0,AP,0
WIFI,0.8.9,2785867064,0,8,0,1,12806,12828,,283,0,0,0,0,0,0,0,,0,0,0,8,0,0,0,0,0,0,0,0,8,2752,CA864A100000,4D598F810000,,,Endotech Guest,1672236681,14.6,0.002194291,0,0,0,Stationary Device,,8,AP,0
WIFI,0.8.9,2526350443,0,8,0,1,12929,12952,12902,275,11,0,0,0,0,0,0,0,0,0,0,8,0,0,0,0,0,0,0,0,9,3504,CA864A100000,4F5CA1D90000,,,,1672236681,15.2,0.006572471,0,0,0,Local MAC,,0,AP,0
WIFI,0.8.9,3523211891,0,8,0,1,13339,13362,13312,275,11,0,0,0,0,0,0,0,0,0,0,8,0,0,0,0,0,0,0,0,9,3520,CA864A100000,4F5CA1D90000,,,,1672236681,15.2,0.006572471,0,0,0,Local MAC,,0,AP,0
WIFI,0.8.9,1569037583,0,8,0,1,13386,13409,,277,0,0,0,0,0,0,0,,0,0,0,8,0,0,0,0,0,0,0,0,15,2144,CA864A100000,3B1B07D20000,,,Endotech,1672236681,14.6,0.003665818,0,0,0,Stationary Device,,8,AP,0
WIFI,0.8.9,1806189202,0,8,0,1,13747,13771,13720,275,11,0,0,0,0,0,0,0,0,0,0,8,0,0,0,0,0,0,0,0,9,3536,CA864A100000,4F5CA1D90000,,,,1672236681,15.2,0.006572471,0,0,0,Local MAC,,0,AP,0
WIFI,0.8.9,997092430,0,8,0,1,13766,13789,,159,0,0,0,0,0,0,0,,0,0,2,8,1,0,0,0,0,0,0,0,0,48,65CDAA7B0000,BFA0E4680000,,,,1672236681,14,0.000336962,0,1,0,Stationary Device,Shenzhen Reecam Tech.Ltd.,4,child,1
WIFI,0.8.9,1125530673,0,8,0,1,13862,13885,13835,234,0,0,0,0,0,0,0,0,0,0,0,5,0,0,0,0,0,0,0,0,3,3872,CB6B62D50000,A5FF51A00000,,,koren wifi,1672236681,15.2,0.0065416,0,0,0,Unclassified,,0,AP,0
WIFI,0.8.9,2630203664,0,8,0,1,13862,13885,13835,234,0,0,0,0,0,0,0,0,0,0,0,5,0,0,0,1,0,0,0,0,3,3872,CB6B62D50000,A5FF51A00000,,,koren wifi,1672236681,14.6,0.003665818,0,0,0,Unclassified,,0,AP,0
WIFI,0.8.9,567315786,0,8,0,1,13996,14019,13969,234,0,0,0,0,0,0,0,0,0,0,0,5,0,0,0,0,0,0,0,0,3,3888,CB6B62D50000,A5FF51A00000,,,koren wifi,1672236681,15.2,0.006572471,0,0,0,Unclassified,,0,AP,0
WIFI,0.8.9,4261611627,0,8,0,1,13996,14019,13969,234,0,0,0,0,0,0,0,0,0,0,0,5,0,0,0,1,0,0,0,0,3,3888,CB6B62D50000,A5FF51A00000,,,koren wifi,1672236681,15.2,0.0065416,0,0,0,Unclassified,,0,AP,0
WIFI,0.8.9,4261611627,0,8,0,1,13996,14019,13969,234,0,0,0,0,0,0,0,0,0,0,0,5,0,0,0,1,0,0,0,0,3,3888,CB6B62D50000,A5FF51A00000,,,koren wifi,1672236681,14.6,0.003665818,0,0,0,Unclassified,,0,AP,0
WIFI,0.8.9,3669109417,0,8,0,1,13996,14019,13969,257,0,0,0,0,0,0,0,0,0,0,0,8,0,0,0,0,0,0,0,0,15,896,CA864A100000,A5FF51A00000,,,koren wifi,1672236681,14.6,0.003665818,0,0,0,Unclassified,,0,AP,0
WIFI,0.8.9,1500373946,0,8,0,1,14166,14189,14139,275,11,0,0,0,0,0,0,0,0,0,0,8,0,0,0,0,0,0,0,0,9,3552,CA864A100000,4F5CA1D90000,,,,1672236681,15.4,0.006027512,0,0,0,Local MAC,,0,AP,0
WIFI,0.8.9,770231066,0,8,0,1,14566,14589,14539,275,11,0,0,0,0,0,0,0,0,0,0,8,0,0,0,0,0,0,0,0,9,3568,CA864A100000,4F5CA1D90000,,,,1672236681,15.4,0.006027512,0,0,0,Local MAC,,0,AP,0
WIFI,0.8.9,1098067485,0,8,0,1,14820,14843,14793,277,0,0,0,0,0,0,0,0,0,0,0,5,0,0,0,1,0,0,0,0,8,2832,F2BD4CEA0000,4D598F810000,,,Endotech Guest,1672236681,15.2,0.0065416,0,0,0,Stationary Device,,8,AP,0
WIFI,0.8.9,3449695606,0,8,0,1,14893,14916,14865,94,0,0,0,0,0,0,0,0,0,0,2,8,1,0,0,1,0,0,1,0,13,1376,C3114DDA0000,4116AFC10000,,,,1672236681,14.6,0.002194291,0,0,0,Unclassified,Shenzhen Trolink Technology CO LTD,1,child,1
WIFI,0.8.9,3449695606,0,8,0,1,14893,14916,14865,94,0,0,0,0,0,0,0,0,0,0,2,8,1,0,0,1,0,0,1,0,13,1376,C3114DDA0000,4116AFC10000,,,,1672236681,16,0.0013,0,0,0,Unclassified,Shenzhen Trolink Technology CO LTD,1,child,1
WIFI,0.8.9,1498180530,0,8,0,1,16066,16089,16039,283,0,0,0,0,0,0,0,0,0,0,0,8,0,0,0,0,0,0,0,0,8,2944,CA864A100000,4D598F810000,,,Endotech Guest,1672236681,14,0.001727005,0,0,0,Stationary Device,,8,AP,0
WIFI,0.8.9,1226250442,0,8,0,1,16066,16089,,34,0,0,0,0,0,0,0,,0,0,0,13,0,0,0,0,0,0,0,0,5,3200,65CDAA7B0000,BFA0E4680000,,,,1672236681,14.6,0.002194291,0,1,0,Stationary Device,Shenzhen Reecam Tech.Ltd.,4,child,1
WIFI,0.8.9,1911328820,0,8,0,1,16204,16227,16177,275,11,0,0,0,0,0,0,0,0,0,0,8,0,0,0,0,0,0,0,0,9,3632,CA864A100000,4F5CA1D90000,,,,1672236681,15.2,0.006572471,0,0,0,Local MAC,,0,AP,0
WIFI,0.8.9,2789930445,0,8,0,1,16613,16636,16585,275,11,0,0,0,0,0,0,0,0,0,0,8,0,0,0,0,0,0,0,0,9,3648,CA864A100000,4F5CA1D90000,,,,1672236682,14.6,0.0046968,0,0,0,Local MAC,,0,AP,0
WIFI,0.8.9,990694437,0,8,0,1,17022,17045,16995,275,11,0,0,0,0,0,0,0,0,0,0,8,0,0,0,0,0,0,0,0,9,3664,CA864A100000,4F5CA1D90000,,,,1672236682,14.6,0.003665818,0,0,0,Local MAC,,0,AP,0
WIFI,0.8.9,4106975484,0,8,0,1,17431,17454,17404,275,11,0,0,0,0,0,0,0,0,0,0,8,0,0,0,0,0,0,0,0,9,3680,CA864A100000,4F5CA1D90000,,,,1672236682,15.2,0.006572471,0,0,0,Local MAC,,0,AP,0
WIFI,0.8.9,913451854,0,8,0,1,17545,17584,17534,277,0,0,0,0,0,0,0,0,0,0,0,8,0,0,0,0,0,0,0,0,15,2512,CA864A100000,3B1B07D20000,,,Endotech,1672236682,15.2,0.006572471,0,0,0,Stationary Device,,8,AP,0
WIFI,0.8.9,1782508457,0,8,0,1,17545,17584,,359,0,0,0,0,0,0,0,,0,0,0,5,0,0,0,1,0,0,0,0,14,1024,63699F370000,07CB9AE30000,,,DIRECT+AC0-aJC1860 Series,1672236682,14.6,0.002997375,0,0,0,Unclassified,,0,AP,0
WIFI,0.8.9,329199175,0,8,0,1,17660,17684,17633,359,0,0,0,0,0,0,0,0,0,0,0,5,0,0,0,1,0,0,0,0,14,1040,63699F370000,07CB9AE30000,,,DIRECT+AC0-aJC1860 Series,1672236682,14.6,0.003665818,0,0,0,Unclassified,,0,AP,0
WIFI,0.8.9,270112916,0,8,0,1,17841,17864,17813,275,11,0,0,0,0,0,0,0,0,0,0,8,0,0,0,0,0,0,0,0,9,3696,CA864A100000,4F5CA1D90000,,,,1672236682,14.6,0.0046968,0,0,0,Local MAC,,0,AP,0
WIFI,0.8.9,2916993837,0,8,0,1,18020,17929,,234,0,0,0,0,0,0,0,,0,0,0,5,0,0,0,0,0,0,0,0,3,3904,7FF2F5FE0000,A5FF51A00000,,,koren wifi,1672236682,14.6,0.003665818,0,0,0,Unclassified,,0,AP,0
WIFI,0.8.9,565058071,0,8,0,1,18081,18104,18053,234,0,0,0,0,0,0,0,0,0,0,0,5,0,0,0,0,0,0,0,0,3,3920,7FF2F5FE0000,A5FF51A00000,,,koren wifi,1672236682,14.6,0.003665818,0,0,0,Unclassified,,0,AP,0
WIFI,0.8.9,4269645622,0,8,0,1,18081,18104,18053,234,0,0,0,0,0,0,0,0,0,0,0,5,0,0,0,1,0,0,0,0,3,3920,7FF2F5FE0000,A5FF51A00000,,,koren wifi,1672236682,14.6,0.003665818,0,0,0,Unclassified,,0,AP,0
WIFI,0.8.9,4063831260,0,8,0,1,18659,18682,18632,275,11,0,0,0,0,0,0,0,0,0,0,8,0,0,0,0,0,0,0,0,9,3728,CA864A100000,4F5CA1D90000,,,,1672236682,14.6,0.0046968,0,0,0,Local MAC,,0,AP,0
WIFI,0.8.9,2812583557,0,8,0,1,19069,19092,19041,275,11,0,0,0,0,0,0,0,0,0,0,8,0,0,0,0,0,0,0,0,9,3744,CA864A100000,4F5CA1D90000,,,,1672236682,14.6,0.0046968,0,0,0,Local MAC,,0,AP,0
WIFI,0.8.9,4165452192,0,8,0,1,19069,19092,,277,0,0,0,0,0,0,0,,0,0,0,8,0,0,0,0,0,0,0,0,15,2592,CA864A100000,3B1B07D20000,,,Endotech,1672236682,15.2,0.006572471,0,0,0,Stationary Device,,8,AP,0
WIFI,0.8.9,2838104445,0,8,0,1,19497,19520,19470,275,11,0,0,0,0,0,0,0,0,0,0,8,0,0,0,0,0,0,0,0,9,3760,CA864A100000,4F5CA1D90000,,,,1672236682,14.6,0.0046968,0,0,0,Local MAC,,0,AP,0
WIFI,0.8.9,1345861909,0,8,0,1,19706,19729,,295,0,0,0,0,0,0,0,,0,0,0,8,0,0,0,0,0,0,0,0,12,2144,CA864A100000,EC781AEA0000,,,Wi+AC0-Charge+AF8-IOT,1672236682,16,0.0013,0,0,0,Unclassified,Tp+AC0-Link Technologies Co.Ltd.,1,AP,0
WIFI,0.8.9,3997235045,0,8,0,1,19887,19910,19860,275,11,0,0,0,0,0,0,0,0,0,0,8,0,0,0,0,0,0,0,0,9,3776,CA864A100000,4F5CA1D90000,,,,1672236682,15.2,0.006572471,0,0,0,Local MAC,,0,AP,0
WIFI,0.8.9,1410811780,0,8,0,1,20297,20320,20269,275,11,0,0,0,0,0,0,0,0,0,0,8,0,0,0,0,0,0,0,0,9,3792,CA864A100000,4F5CA1D90000,,,,1672236683,15.2,0.006572471,0,0,0,Local MAC,,0,AP,0
WIFI,0.8.9,1725097644,0,8,0,1,20706,20729,20679,275,11,0,0,0,0,0,0,0,0,0,0,8,0,0,0,0,0,0,0,0,9,3808,CA864A100000,4F5CA1D90000,,,,1672236683,15.2,0.006572471,0,0,0,Local MAC,,0,AP,0
WIFI,0.8.9,307744268,0,8,0,1,21115,21138,21088,275,11,0,0,0,0,0,0,0,0,0,0,8,0,0,0,0,0,0,0,0,9,3824,CA864A100000,4F5CA1D90000,,,,1672236683,15.2,0.006572471,0,0,0,Local MAC,,0,AP,0
WIFI,0.8.9,3067351692,0,8,0,1,21356,21380,21329,283,0,0,0,0,0,0,0,0,0,0,0,8,0,0,0,0,0,0,0,0,8,3168,CA864A100000,4D598F810000,,,Endotech Guest,1672236683,13.2,0.005221147,0,0,0,Stationary Device,,8,AP,0
WIFI,0.8.9,3043666842,0,8,0,1,21525,21548,21497,275,11,0,0,0,0,0,0,0,0,0,0,8,0,0,0,0,0,0,0,0,9,3840,CA864A100000,4F5CA1D90000,,,,1672236683,15.2,0.006572471,0,0,0,Local MAC,,0,AP,0
WIFI,0.8.9,2825775898,0,8,0,1,21835,21859,,359,0,0,0,0,0,0,0,,0,0,0,5,0,0,0,0,0,0,0,0,14,1248,DA5115570000,07CB9AE30000,,,DIRECT+AC0-aJC1860 Series,1672236683,15.2,0.006572471,0,0,0,Unclassified,,0,AP,0
WIFI,0.8.9,258451621,0,8,0,1,21835,21859,21789,359,0,0,0,0,0,0,0,0,0,0,0,5,0,0,0,1,0,0,0,0,14,1248,DA5115570000,07CB9AE30000,,,DIRECT+AC0-aJC1860 Series,1672236683,14.6,0.003665818,0,0,0,Unclassified,,0,AP,0
WIFI,0.8.9,258451621,0,8,0,1,21835,21859,,359,0,0,0,0,0,0,0,,0,0,0,5,0,0,0,1,0,0,0,0,14,1248,DA5115570000,07CB9AE30000,,,DIRECT+AC0-aJC1860 Series,1672236683,14.6,0.003665818,0,0,0,Unclassified,,0,AP,0
WIFI,0.8.9,2046721904,0,8,0,1,22161,22184,22128,283,0,0,0,0,0,0,0,0,0,0,0,8,0,0,0,0,0,0,0,0,8,3232,CA864A100000,4D598F810000,,,Endotech Guest,1672236683,13.2,0.005562074,0,0,0,Stationary Device,,8,AP,0
WIFI,0.8.9,1261456722,0,8,0,1,22343,22366,22316,275,11,0,0,0,0,0,0,0,0,0,0,8,0,0,0,0,0,0,0,0,9,3872,CA864A100000,4F5CA1D90000,,,,1672236683,15.2,0.006572471,0,0,0,Local MAC,,0,AP,0
WIFI,0.8.9,1447693560,0,8,0,1,22460,22483,,359,0,0,0,0,0,0,0,,0,0,0,5,0,0,0,1,0,0,0,0,14,1280,E7013A800000,07CB9AE30000,,,DIRECT+AC0-aJC1860 Series,1672236683,14.6,0.003665818,0,0,0,Unclassified,,0,AP,0
WIFI,0.8.9,1348837850,0,8,0,1,22460,22483,22433,359,0,0,0,0,0,0,0,0,0,0,0,5,0,0,0,1,0,0,0,0,14,1312,D46F1B720000,07CB9AE30000,,,DIRECT+AC0-aJC1860 Series,1672236683,14.6,0.003665818,0,0,0,Unclassified,,0,AP,0
WIFI,0.8.9,4135661066,0,8,0,1,22753,22776,22725,275,11,0,0,0,0,0,0,0,0,0,0,8,0,0,0,0,0,0,0,0,9,3888,CA864A100000,4F5CA1D90000,,,,1672236683,15.2,0.006572471,0,0,0,Local MAC,,0,AP,0
WIFI,0.8.9,556223475,0,8,0,1,23162,23185,23135,275,11,0,0,0,0,0,0,0,0,0,0,8,0,0,0,0,0,0,0,0,9,3904,CA864A100000,4F5CA1D90000,,,,1672236683,15.2,0.006572471,0,0,0,Local MAC,,0,AP,0
WIFI,0.8.9,3402342322,0,8,0,1,23313,23337,23168,359,0,0,0,0,0,0,0,0,0,0,0,5,0,0,0,1,0,0,0,0,14,1344,B75E60FF0000,07CB9AE30000,,,DIRECT+AC0-aJC1860 Series,1672236683,14,0.000471155,0,0,0,Unclassified,,0,AP,0
WIFI,0.8.9,1658817102,0,8,0,1,23313,23337,23286,277,0,0,0,0,0,0,0,0,0,0,0,8,0,0,0,0,0,0,0,0,15,2896,CA864A100000,3B1B07D20000,,,Endotech,1672236683,14,0.001360141,0,0,0,Stationary Device,,8,AP,0
WIFI,0.8.9,3160502811,0,8,0,1,23571,23594,23544,275,11,0,0,0,0,0,0,0,0,0,0,8,0,0,0,0,0,0,0,0,9,3920,CA864A100000,4F5CA1D90000,,,,1672236683,15.2,0.006572471,0,0,0,Local MAC,,0,AP,0
WIFI,0.8.9,1940309698,0,8,0,1,23983,24006,23956,275,11,0,0,0,0,0,0,0,0,0,0,8,0,0,0,0,0,0,0,0,9,3936,CA864A100000,4F5CA1D90000,,,,1672236683,15.2,0.006572471,0,0,0,Local MAC,,0,AP,0
WIFI,0.8.9,2256151575,0,8,0,1,23983,24006,,271,0,0,0,0,0,0,0,,0,0,0,5,0,0,0,1,0,0,0,0,15,2928,6DF139F10000,3B1B07D20000,,,Endotech,1672236683,14.6,0.004055706,0,0,0,Stationary Device,,8,AP,0
WIFI,0.8.9,4173573243,0,8,0,1,24204,24227,24089,283,0,0,0,0,0,0,0,0,0,0,0,8,0,0,0,0,0,0,0,0,8,3328,CA864A100000,4D598F810000,,,Endotech Guest,1672236684,14,0.001360141,0,0,0,Stationary Device,,8,AP,0
WIFI,0.8.9,2540971690,0,8,0,1,24390,24413,24363,275,11,0,0,0,0,0,0,0,0,0,0,8,0,0,0,0,0,0,0,0,9,3952,CA864A100000,4F5CA1D90000,,,,1672236684,15.2,0.006572471,0,0,0,Local MAC,,0,AP,0
WIFI,0.8.9,902660872,0,8,0,1,24613,24636,,283,0,0,0,0,0,0,0,,0,0,0,8,0,0,0,0,0,0,0,0,8,3344,CA864A100000,4D598F810000,,,Endotech Guest,1672236684,13.4,0.004279236,0,0,0,Stationary Device,,8,AP,0
WIFI,0.8.9,1651367579,0,8,0,1,24799,24822,24772,275,11,0,0,0,0,0,0,0,0,0,0,8,0,0,0,0,0,0,0,0,9,3968,CA864A100000,4F5CA1D90000,,,,1672236684,15.2,0.006572471,0,0,0,Local MAC,,0,AP,0
WIFI,0.8.9,3100677611,0,8,0,1,24811,24829,24779,20,0,0,0,0,0,0,0,0,0,0,1,11,0,0,0,0,0,0,0,0,0,0,C3114DDA0000,4116AFC10000,,,,1672236684,15.4,0.006027512,0,0,0,Unclassified,Shenzhen Trolink Technology CO LTD,1,child,1
WIFI,0.8.9,483220838,0,8,0,1,24811,24829,24779,94,0,0,0,0,0,0,0,0,0,0,2,8,1,0,0,0,0,0,1,0,13,1392,C3114DDA0000,4116AFC10000,,,,1672236684,15.2,0.006572471,0,0,0,Unclassified,Shenzhen Trolink Technology CO LTD,1,child,1
WIFI,0.8.9,2359766708,0,8,0,1,25035,25059,25009,359,0,0,0,0,0,0,0,0,0,0,0,5,0,0,0,1,0,0,0,0,14,1440,E5D3F7B20000,07CB9AE30000,,,DIRECT+AC0-aJC1860 Series,1672236684,14,0.000209523,0,0,0,Unclassified,,0,AP,0
WIFI,0.8.9,2359766708,0,8,0,1,25035,25059,25009,359,0,0,0,0,0,0,0,0,0,0,0,5,0,0,0,1,0,0,0,0,14,1440,E5D3F7B20000,07CB9AE30000,,,DIRECT+AC0-aJC1860 Series,1672236684,14.6,0.003665818,0,0,0,Unclassified,,0,AP,0
WIFI,0.8.9,550052027,0,8,0,1,25618,25641,25591,275,11,0,0,0,0,0,0,0,0,0,0,8,0,0,0,0,0,0,0,0,9,4000,CA864A100000,4F5CA1D90000,,,,1672236684,15.2,0.006572471,0,0,0,Local MAC,,0,AP,0
WIFI,0.8.9,1070920338,0,8,0,1,25725,25748,25698,277,0,0,0,0,0,0,0,0,0,0,0,8,0,0,0,0,0,0,0,0,15,3024,CA864A100000,3B1B07D20000,,,Endotech,1672236684,14.6,0.004055706,0,0,0,Stationary Device,,8,AP,0
WIFI,0.8.9,776451907,0,8,0,1,26027,26050,26000,275,11,0,0,0,0,0,0,0,0,0,0,8,0,0,0,0,0,0,0,0,9,4016,CA864A100000,4F5CA1D90000,,,,1672236684,15.2,0.006572471,0,0,0,Local MAC,,0,AP,0
WIFI,0.8.9,1764575579,0,8,0,1,26437,26460,26409,275,11,0,0,0,0,0,0,0,0,0,0,8,0,0,0,0,0,0,0,0,9,4032,CA864A100000,4F5CA1D90000,,,,1672236684,15.2,0.006572471,0,0,0,Local MAC,,0,AP,0
WIFI,0.8.9,1406891510,0,8,0,1,26696,26719,26669,283,0,0,0,0,0,0,0,0,0,0,0,8,0,0,0,0,0,0,0,0,8,3424,CA864A100000,4D598F810000,,,Endotech Guest,1672236684,12.6,0.001629395,0,0,0,Stationary Device,,8,AP,0
WIFI,0.8.9,3548051898,0,8,0,1,26846,26869,26819,275,11,0,0,0,0,0,0,0,0,0,0,8,0,0,0,0,0,0,0,0,9,4048,CA864A100000,4F5CA1D90000,,,,1672236684,15.2,0.006572471,0,0,0,Local MAC,,0,AP,0
WIFI,0.8.9,1492733077,0,8,0,1,27517,27540,27489,283,0,0,0,0,0,0,0,0,0,0,0,8,0,0,0,0,0,0,0,0,8,3456,CA864A100000,4D598F810000,,,Endotech Guest,1672236684,13.4,0.004279236,0,0,0,Stationary Device,,8,AP,0
WIFI,0.8.9,2503634994,0,8,0,1,27665,27688,27637,275,11,0,0,0,0,0,0,0,0,0,0,8,0,0,0,0,0,0,0,0,9,4080,CA864A100000,4F5CA1D90000,,,,1672236684,15.2,0.006572471,0,0,0,Local MAC,,0,AP,0
WIFI,0.8.9,3621497789,0,8,0,1,27911,27935,27884,283,0,0,0,0,0,0,0,0,0,0,0,8,0,0,0,0,0,0,0,0,8,3472,CA864A100000,4D598F810000,,,Endotech Guest,1672236684,13.4,0.004279236,0,0,0,Stationary Device,,8,AP,0
WIFI,0.8.9,1218068356,0,8,0,1,28074,28097,28047,275,11,0,0,0,0,0,0,0,0,0,0,8,0,0,0,0,0,0,0,0,10,0,CA864A100000,4F5CA1D90000,,,,1672236684,15.2,0.006572471,0,0,0,Local MAC,,0,AP,0
WIFI,0.8.9,971088364,0,8,0,1,28483,28506,28456,275,11,0,0,0,0,0,0,0,0,0,0,8,0,0,0,0,0,0,0,0,10,16,CA864A100000,4F5CA1D90000,,,,1672236685,15.2,0.006572471,0,0,0,Local MAC,,0,AP,0
WIFI,0.8.9,3066091852,0,8,0,1,28893,28916,28865,275,11,0,0,0,0,0,0,0,0,0,0,8,0,0,0,0,0,0,0,0,10,32,CA864A100000,4F5CA1D90000,,,,1672236685,15.2,0.006572471,0,0,0,Local MAC,,0,AP,0
WIFI,0.8.9,2700616839,0,8,0,1,29188,29211,29161,283,0,0,0,0,0,0,0,0,0,0,0,8,0,0,0,0,0,0,0,0,8,3520,CA864A100000,4D598F810000,,,Endotech Guest,1672236685,13.4,0.002930103,0,0,0,Stationary Device,,8,AP,0
WIFI,0.8.9,192002580,0,8,0,1,29302,29325,29275,275,11,0,0,0,0,0,0,0,0,0,0,8,0,0,0,0,0,0,0,0,10,48,CA864A100000,4F5CA1D90000,,,,1672236685,15.2,0.006572471,0,0,0,Local MAC,,0,AP,0
WIFI,0.8.9,3900054261,0,8,0,1,29416,29439,,270,0,0,0,0,0,0,0,,0,0,0,4,0,0,0,0,0,0,0,0,5,3264,CA864A100000,BFA0E4680000,,,,1672236685,16,0.0013,0,1,0,Stationary Device,Shenzhen Reecam Tech.Ltd.,4,child,1
WIFI,0.8.9,3705135085,0,8,0,1,29711,29734,29684,275,11,0,0,0,0,0,0,0,0,0,0,8,0,0,0,0,0,0,0,0,10,64,CA864A100000,4F5CA1D90000,,,,1672236685,15.2,0.006572471,0,0,0,Local MAC,,0,AP,0
WIFI,0.8.9,3095498460,0,8,0,1,29782,29806,29755,14,9,0,0,0,0,0,0,0,0,0,1,13,0,0,0,0,0,0,0,0,3,4094,70657B760000,4721BF4E0000,,,,1672236685,16,0.000303443,0,0,0,Unclassified,Labtam Limited,1,unknown,0
WIFI,0.8.9,2378671712,0,8,0,1,29981,30005,29954,283,0,0,0,0,0,0,0,0,0,0,0,8,0,0,0,0,0,0,0,0,8,3568,CA864A100000,4D598F810000,,,Endotech Guest,1672236685,14,0.000209523,0,0,0,Stationary Device,,8,AP,0
WIFI,0.8.9,1100080645,0,8,0,1,30121,30144,30093,275,11,0,0,0,0,0,0,0,0,0,0,8,0,0,0,0,0,0,0,0,10,80,CA864A100000,4F5CA1D90000,,,,1672236685,15.2,0.006572471,0,0,0,Local MAC,,0,AP,0
WIFI,0.8.9,4108536312,0,8,0,1,30326,30364,30246,407,0,0,0,0,0,0,0,0,0,0,0,5,0,0,0,1,0,0,0,0,12,2816,818C1ED20000,EC781AEA0000,,,Wi+AC0-Charge+AF8-IOT,1672236685,14.6,0.002194291,0,0,0,Unclassified,Tp+AC0-Link Technologies Co.Ltd.,1,AP,0
WIFI,0.8.9,4201211048,0,8,0,1,30326,30364,30246,277,0,0,0,0,0,0,0,0,0,0,0,5,0,0,0,1,0,0,0,0,8,3584,818C1ED20000,4D598F810000,,,Endotech Guest,1672236685,14,0.000209523,0,0,0,Stationary Device,,8,AP,0
WIFI,0.8.9,317787257,0,8,0,1,30326,30364,,283,0,0,0,0,0,0,0,,0,0,0,8,0,0,0,0,0,0,0,0,8,3600,CA864A100000,4D598F810000,,,Endotech Guest,1672236685,14,0.000209523,0,0,0,Stationary Device,,8,AP,0
WIFI,0.8.9,2388021980,0,8,0,1,30530,30553,30503,275,11,0,0,0,0,0,0,0,0,0,0,8,0,0,0,0,0,0,0,0,10,96,CA864A100000,4F5CA1D90000,,,,1672236685,15.2,0.006572471,0,0,0,Local MAC,,0,AP,0
WIFI,0.8.9,4055409394,0,8,0,1,30530,30553,,120,0,0,0,0,0,0,0,,0,0,0,4,0,0,0,0,0,0,0,0,12,3200,CA864A100000,3C6034640000,,,,1672236685,16,0.0013,0,0,0,Local MAC,,0,client,0
WIFI,0.8.9,387510073,0,8,0,1,30530,30553,30503,234,0,0,0,0,0,0,0,0,0,0,0,5,0,0,0,1,0,0,0,0,4,32,187791E20000,A5FF51A00000,,,koren wifi,1672236685,14.6,0.003665818,0,0,0,Unclassified,,0,AP,0
WIFI,0.8.9,2683897760,0,8,0,1,30611,30634,30583,277,0,0,0,0,0,0,0,0,0,0,0,5,0,0,0,0,0,0,0,0,8,3616,187791E20000,4D598F810000,,,Endotech Guest,1672236685,14,0.000209523,0,0,0,Stationary Device,,8,AP,0
WIFI,0.8.9,603363241,0,8,0,1,30713,30746,,277,0,0,0,0,0,0,0,,0,0,0,8,0,0,0,0,0,0,0,0,15,3312,CA864A100000,3B1B07D20000,,,Endotech,1672236685,15.4,0.005052858,0,0,0,Stationary Device,,8,AP,0
WIFI,0.8.9,3867272843,0,8,0,1,30713,30746,30683,120,0,0,0,0,0,0,0,0,0,0,0,4,0,0,0,0,0,0,0,0,12,3216,CA864A100000,3C6034640000,,,,1672236685,16,0.0013,0,0,0,Local MAC,,0,client,0
WIFI,0.8.9,1787081396,0,8,0,1,30948,30971,30921,275,11,0,0,0,0,0,0,0,0,0,0,8,0,0,0,0,0,0,0,0,10,112,CA864A100000,4F5CA1D90000,,,,1672236685,15.2,0.006572471,0,0,0,Local MAC,,0,AP,0
WIFI,0.8.9,2677885573,0,8,0,1,31351,31374,31324,275,11,0,0,0,0,0,0,0,0,0,0,8,0,0,0,0,0,0,0,0,10,128,CA864A100000,4F5CA1D90000,,,,1672236685,15.2,0.006572471,0,0,0,Local MAC,,0,AP,0
WIFI,0.8.9,2292453116,0,8,0,1,31758,31781,31731,275,11,0,0,0,0,0,0,0,0,0,0,8,0,0,0,0,0,0,0,0,10,144,CA864A100000,4F5CA1D90000,,,,1672236685,15.2,0.006572471,0,0,0,Local MAC,,0,AP,0
WIFI,0.8.9,2764496342,0,8,0,1,31930,31980,31826,277,0,0,0,0,0,0,0,0,0,0,0,8,0,0,0,0,0,0,0,0,15,3392,CA864A100000,3B1B07D20000,,,Endotech,1672236685,15.2,0.006572471,0,0,0,Stationary Device,,8,AP,0
WIFI,0.8.9,3711546533,0,8,0,1,32167,32190,32140,275,11,0,0,0,0,0,0,0,0,0,0,8,0,0,0,0,0,0,0,0,10,160,CA864A100000,4F5CA1D90000,,,,1672236685,15.2,0.006572471,0,0,0,Local MAC,,0,AP,0
WIFI,0.8.9,3444328922,0,8,0,1,32167,32190,32140,277,0,0,0,0,0,0,0,0,0,0,0,8,0,0,0,0,0,0,0,0,15,3424,CA864A100000,3B1B07D20000,,,Endotech,1672236686,14.6,0.002194291,0,0,0,Stationary Device,,8,AP,0
WIFI,0.8.9,3580978030,0,8,0,1,32167,32190,32140,277,0,0,0,0,0,0,0,0,0,0,0,5,0,0,0,1,0,0,0,0,8,3728,818C1ED20000,4D598F810000,,,Endotech Guest,1672236686,14,0.000209523,0,0,0,Stationary Device,,8,AP,0
WIFI,0.8.9,3551994717,0,8,0,1,32577,32600,32549,275,11,0,0,0,0,0,0,0,0,0,0,8,0,0,0,0,0,0,0,0,10,176,CA864A100000,4F5CA1D90000,,,,1672236686,15.2,0.006572471,0,0,0,Local MAC,,0,AP,0
WIFI,0.8.9,3134481786,0,8,0,1,33238,33261,,359,0,0,0,0,0,0,0,,0,0,0,5,0,0,0,1,0,0,0,0,14,1792,7CA01DD40000,07CB9AE30000,,,DIRECT+AC0-aJC1860 Series,1672236686,14.6,0.003665818,0,0,0,Unclassified,,0,AP,0
WIFI,0.8.9,780823972,0,8,0,1,33395,33418,33368,275,11,0,0,0,0,0,0,0,0,0,0,8,0,0,0,0,0,0,0,0,10,208,CA864A100000,4F5CA1D90000,,,,1672236686,15.2,0.006572471,0,0,0,Local MAC,,0,AP,0
WIFI,0.8.9,4270248613,0,8,0,1,33449,33570,33519,277,0,0,0,0,0,0,0,0,0,0,0,8,0,0,0,0,0,0,0,0,15,3488,CA864A100000,3B1B07D20000,,,Endotech,1672236686,15.2,0.006572471,0,0,0,Stationary Device,,8,AP,0
WIFI,0.8.9,445779977,0,8,0,1,34007,34145,34094,277,0,0,0,0,0,0,0,0,0,0,0,5,0,0,0,1,0,0,0,0,8,3840,187791E20000,4D598F810000,,,Endotech Guest,1672236686,14.6,0.003665818,0,0,0,Stationary Device,,8,AP,0
WIFI,0.8.9,109943651,0,8,0,1,34236,34260,,277,0,0,0,0,0,0,0,,0,0,0,8,0,0,0,0,0,0,0,0,15,3584,CA864A100000,3B1B07D20000,,,Endotech,1672236686,14.6,0.003665818,0,0,0,Stationary Device,,8,AP,0
WIFI,0.8.9,1799294895,0,8,0,1,34630,34653,34603,275,11,0,0,0,0,0,0,0,0,0,0,8,0,0,0,0,0,0,0,0,10,256,CA864A100000,4F5CA1D90000,,,,1672236686,15.2,0.006572471,0,0,0,Local MAC,,0,AP,0
WIFI,0.8.9,4129796710,0,8,0,1,34737,34760,34710,271,0,0,0,0,0,0,0,0,0,0,0,5,0,0,0,1,0,0,0,0,15,3632,860FA8AE0000,3B1B07D20000,,,Endotech,1672236686,16,0.000714861,0,0,0,Stationary Device,,8,AP,0
WIFI,0.8.9,3938431684,0,8,0,1,34986,35007,,14,0,0,0,0,0,0,0,,0,0,1,13,0,0,0,0,0,0,0,0,3,4094,EC781AEA0000,4721BF4E0000,,,,1672236686,14,0.000471155,0,0,0,Unclassified,Labtam Limited,1,unknown,0
WIFI,0.8.9,440701383,0,8,0,1,35038,35061,35010,275,11,0,0,0,0,0,0,0,0,0,0,8,0,0,0,0,0,0,0,0,10,272,CA864A100000,4F5CA1D90000,,,,1672236686,15.2,0.006572471,0,0,0,Local MAC,,0,AP,0
WIFI,0.8.9,2506484071,0,8,0,1,35442,35465,35415,275,11,0,0,0,0,0,0,0,0,0,0,8,0,0,0,0,0,0,0,0,10,288,CA864A100000,4F5CA1D90000,,,,1672236686,15.2,0.006572471,0,0,0,Local MAC,,0,AP,0
WIFI,0.8.9,685017663,0,8,0,1,35851,35874,35824,275,11,0,0,0,0,0,0,0,0,0,0,8,0,0,0,0,0,0,0,0,10,304,CA864A100000,4F5CA1D90000,,,,1672236686,15.2,0.006572471,0,0,0,Local MAC,,0,AP,0
WIFI,0.8.9,2821958440,0,8,0,1,35962,35985,,265,0,0,0,0,0,0,0,,0,0,0,8,0,0,0,0,0,0,0,0,8,3712,CA864A100000,CC5428BF0000,,,N+AC0-Net,1672236686,14.6,0.002194291,0,1,0,Stationary Device,,4,AP,0
WIFI,0.8.9,4285722566,0,8,0,1,36261,36284,36233,275,11,0,0,0,0,0,0,0,0,0,0,8,0,0,0,0,0,0,0,0,10,320,CA864A100000,4F5CA1D90000,,,,1672236687,15.2,0.0065416,0,0,0,Local MAC,,0,AP,0
WIFI,0.8.9,3823266558,0,8,0,1,36492,36515,36394,283,0,0,0,0,0,0,0,0,0,0,0,8,0,0,0,0,0,0,0,0,8,4032,CA864A100000,4D598F810000,,,Endotech Guest,1672236687,14.6,0.002194291,0,0,0,Stationary Device,,8,AP,0
WIFI,0.8.9,1647629870,0,8,0,1,36670,36693,36643,275,11,0,0,0,0,0,0,0,0,0,0,8,0,0,0,0,0,0,0,0,10,336,CA864A100000,4F5CA1D90000,,,,1672236687,15.2,0.0065416,0,0,0,Local MAC,,0,AP,0
WIFI,0.8.9,1226932895,0,8,0,1,37489,37512,37461,275,11,0,0,0,0,0,0,0,0,0,0,8,0,0,0,0,0,0,0,0,10,368,CA864A100000,4F5CA1D90000,,,,1672236687,16,0.0013,0,0,0,Local MAC,,0,AP,0
WIFI,0.8.9,746664224,0,8,0,1,37572,37595,,271,0,0,0,0,0,0,0,,0,0,0,5,0,0,0,0,0,0,0,0,15,3840,65C6FD7C0000,3B1B07D20000,,,Endotech,1672236687,16,0.000714861,0,0,0,Stationary Device,,8,AP,0
WIFI,0.8.9,1166271205,0,8,0,1,37802,37825,,283,0,0,0,0,0,0,0,,0,0,0,8,0,0,0,0,0,0,0,0,9,32,CA864A100000,4D598F810000,,,Endotech Guest,1672236687,14.6,0.002194291,0,0,0,Stationary Device,,8,AP,0
WIFI,0.8.9,3157818030,0,8,0,1,37898,37921,37871,275,11,0,0,0,0,0,0,0,0,0,0,8,0,0,0,0,0,0,0,0,10,384,CA864A100000,4F5CA1D90000,,,,1672236687,16,0.0013,0,0,0,Local MAC,,0,AP,0
WIFI,0.8.9,2868985559,0,8,0,1,38307,38330,38280,275,11,0,0,0,0,0,0,0,0,0,0,8,0,0,0,0,0,0,0,0,10,400,CA864A100000,4F5CA1D90000,,,,1672236687,16,0.0013,0,0,0,Local MAC,,0,AP,0
WIFI,0.8.9,3095498460,0,8,0,1,38367,38718,38340,14,9,0,0,0,0,0,0,0,0,0,1,13,0,0,0,0,0,0,0,0,3,4094,70657B760000,4721BF4E0000,,,,1672236687,16,0.005592736,0,0,0,Unclassified,Labtam Limited,1,unknown,0
WIFI,0.8.9,4271670414,0,8,0,1,38717,38740,38689,275,11,0,0,0,0,0,0,0,0,0,0,8,0,0,0,0,0,0,0,0,10,416,CA864A100000,4F5CA1D90000,,,,1672236687,16,0.0013,0,0,0,Local MAC,,0,AP,0
WIFI,0.8.9,4027716470,0,8,0,1,39126,39149,39099,275,11,0,0,0,0,0,0,0,0,0,0,8,0,0,0,0,0,0,0,0,10,432,CA864A100000,4F5CA1D90000,,,,1672236687,16,0.0013,0,0,0,Local MAC,,0,AP,0
WIFI,0.8.9,3078155630,0,8,0,1,39538,39561,39510,275,11,0,0,0,0,0,0,0,0,0,0,8,0,0,0,0,0,0,0,0,10,448,CA864A100000,4F5CA1D90000,,,,1672236687,16,0.0013,0,0,0,Local MAC,,0,AP,0
WIFI,0.8.9,983067240,0,8,0,1,39784,39805,39756,283,0,0,0,0,0,0,0,0,0,0,0,8,0,0,0,0,0,0,0,0,9,112,CA864A100000,4D598F810000,,,Endotech Guest,1672236687,15.2,0.0065416,0,0,0,Stationary Device,,8,AP,0
WIFI,0.8.9,1313495819,0,8,0,1,39784,39805,39756,277,0,0,0,0,0,0,0,0,0,0,0,5,0,0,0,0,0,0,0,0,9,128,29AFA60B0000,4D598F810000,,,Endotech Guest,1672236687,15.2,0.0065416,0,0,0,Stationary Device,,8,AP,0
WIFI,0.8.9,221207951,0,8,0,1,39945,39968,39918,275,11,0,0,0,0,0,0,0,0,0,0,8,0,0,0,0,0,0,0,0,10,464,CA864A100000,4F5CA1D90000,,,,1672236687,16,0.0013,0,0,0,Local MAC,,0,AP,0
WIFI,0.8.9,1072364711,0,8,0,1,40359,40382,40331,275,11,0,0,0,0,0,0,0,0,0,0,8,0,0,0,0,0,0,0,0,10,480,CA864A100000,4F5CA1D90000,,,,1672236688,16,0.0013,0,0,0,Local MAC,,0,AP,0
WIFI,0.8.9,1265619975,0,8,0,1,40766,40789,40739,275,11,0,0,0,0,0,0,0,0,0,0,8,0,0,0,0,0,0,0,0,10,496,CA864A100000,4F5CA1D90000,,,,1672236688,16,0.0013,0,0,0,Local MAC,,0,AP,0
WIFI,0.8.9,247031461,0,8,0,1,41173,41196,41145,275,11,0,0,0,0,0,0,0,0,0,0,8,0,0,0,0,0,0,0,0,10,512,CA864A100000,4F5CA1D90000,,,,1672236688,16,0.0013,0,0,0,Local MAC,,0,AP,0
WIFI,0.8.9,2143484109,0,8,0,1,41582,41605,41555,275,11,0,0,0,0,0,0,0,0,0,0,8,0,0,0,0,0,0,0,0,10,528,CA864A100000,4F5CA1D90000,,,,1672236688,16,0.0013,0,0,0,Local MAC,,0,AP,0
WIFI,0.8.9,4041441389,0,8,0,1,41991,42014,41964,275,11,0,0,0,0,0,0,0,0,0,0,8,0,0,0,0,0,0,0,0,10,544,CA864A100000,4F5CA1D90000,,,,1672236688,16,0.0013,0,0,0,Local MAC,,0,AP,0
WIFI,0.8.9,3572570076,0,8,0,1,42057,42080,,277,0,0,0,0,0,0,0,,0,0,0,8,0,0,0,0,0,0,0,0,1,64,CA864A100000,3B1B07D20000,,,Endotech,1672236688,14.6,0.003665818,0,0,0,Stationary Device,,8,AP,0
WIFI,0.8.9,1297277749,0,8,0,1,42401,42424,42373,275,11,0,0,0,0,0,0,0,0,0,0,8,0,0,0,0,0,0,0,0,10,560,CA864A100000,4F5CA1D90000,,,,1672236688,16,0.0013,0,0,0,Local MAC,,0,AP,0
WIFI,0.8.9,2599716556,0,8,0,1,42810,42833,42783,275,11,0,0,0,0,0,0,0,0,0,0,8,0,0,0,0,0,0,0,0,10,576,CA864A100000,4F5CA1D90000,,,,1672236688,16,0.005592736,0,0,0,Local MAC,,0,AP,0
WIFI,0.8.9,129154852,0,8,0,1,43219,43242,43192,275,11,0,0,0,0,0,0,0,0,0,0,8,0,0,0,0,0,0,0,0,10,592,CA864A100000,4F5CA1D90000,,,,1672236688,16.6,0.001721057,0,0,0,Local MAC,,0,AP,0
WIFI,0.8.9,2142440840,0,8,0,1,43437,43460,43409,277,0,0,0,0,0,0,0,0,0,0,0,8,0,0,0,0,0,0,0,0,1,128,CA864A100000,3B1B07D20000,,,Endotech,1672236688,15.8,0.00567755,0,0,0,Stationary Device,,8,AP,0
WIFI,0.8.9,3292427840,0,8,0,1,43473,43575,,277,0,0,0,0,0,0,0,,0,0,0,5,0,0,0,1,0,0,0,0,9,304,1B739A3B0000,4D598F810000,,,Endotech Guest,1672236688,15.2,0.0065416,0,0,0,Stationary Device,,8,AP,0
WIFI,0.8.9,3363113981,0,8,0,1,43630,43653,43603,275,11,0,0,0,0,0,0,0,0,0,0,8,0,0,0,0,0,0,0,0,10,608,CA864A100000,4F5CA1D90000,,,,1672236688,16.6,0.001721057,0,0,0,Local MAC,,0,AP,0
WIFI,0.8.9,749202325,0,8,0,1,44038,44061,44011,275,11,0,0,0,0,0,0,0,0,0,0,8,0,0,0,0,0,0,0,0,10,624,CA864A100000,4F5CA1D90000,,,,1672236688,16.6,0.001721057,0,0,0,Local MAC,,0,AP,0
WIFI,0.8.9,3464976349,0,8,0,1,44857,44880,44829,275,11,0,0,0,0,0,0,0,0,0,0,8,0,0,0,0,0,0,0,0,10,656,CA864A100000,4F5CA1D90000,,,,1672236689,16.6,0.001721057,0,0,0,Local MAC,,0,AP,0
WIFI,0.8.9,2602233220,0,8,0,1,45266,45289,45239,275,11,0,0,0,0,0,0,0,0,0,0,8,0,0,0,0,0,0,0,0,10,672,CA864A100000,4F5CA1D90000,,,,1672236689,16.6,0.001721057,0,0,0,Local MAC,,0,AP,0
WIFI,0.8.9,2509535868,0,8,0,1,45675,45698,45648,275,11,0,0,0,0,0,0,0,0,0,0,8,0,0,0,0,0,0,0,0,10,688,CA864A100000,4F5CA1D90000,,,,1672236689,16.6,0.001721057,0,0,0,Local MAC,,0,AP,0
WIFI,0.8.9,1755919493,0,8,0,1,46494,46517,46467,275,11,0,0,0,0,0,0,0,0,0,0,8,0,0,0,0,0,0,0,0,10,720,CA864A100000,4F5CA1D90000,,,,1672236689,16.6,0.001721057,0,0,0,Local MAC,,0,AP,0
WIFI,0.8.9,1517065645,0,8,0,1,46903,46926,46876,275,11,0,0,0,0,0,0,0,0,0,0,8,0,0,0,0,0,0,0,0,10,736,CA864A100000,4F5CA1D90000,,,,1672236689,17.4,0.005409053,0,0,0,Local MAC,,0,AP,0
WIFI,0.8.9,787070221,0,8,0,1,47313,47336,47285,275,11,0,0,0,0,0,0,0,0,0,0,8,0,0,0,0,0,0,0,0,10,752,CA864A100000,4F5CA1D90000,,,,1672236689,17.4,0.005409053,0,0,0,Local MAC,,0,AP,0
WIFI,0.8.9,3006303905,0,8,0,1,47722,47745,47695,275,11,0,0,0,0,0,0,0,0,0,0,8,0,0,0,0,0,0,0,0,10,768,CA864A100000,4F5CA1D90000,,,,1672236689,17.4,0.005409053,0,0,0,Local MAC,,0,AP,0
WIFI,0.8.9,1744871552,0,8,0,1,47973,48060,48104,359,0,0,0,0,0,0,0,0,0,0,0,5,0,0,0,1,0,0,0,0,14,2560,B7AAE6210000,07CB9AE30000,,,DIRECT+AC0-aJC1860 Series,1672236689,16,0.0013,0,0,0,Unclassified,,0,AP,0
WIFI,0.8.9,1298819177,0,8,0,1,48541,48564,48513,275,11,0,0,0,0,0,0,0,0,0,0,8,0,0,0,0,0,0,0,0,10,800,CA864A100000,4F5CA1D90000,,,,1672236690,17.2,0.004714075,0,0,0,Local MAC,,0,AP,0
WIFI,0.8.9,4040887089,0,8,0,1,48950,48973,48923,275,11,0,0,0,0,0,0,0,0,0,0,8,0,0,0,0,0,0,0,0,10,816,CA864A100000,4F5CA1D90000,,,,1672236690,17.2,0.004714075,0,0,0,Local MAC,,0,AP,0
WIFI,0.8.9,1407879537,0,8,0,1,49072,49002,49160,271,0,0,0,0,0,0,0,0,0,0,0,5,0,0,0,1,0,0,0,0,1,432,9B0347A40000,3B1B07D20000,,,Endotech,1672236690,15.2,0.0065416,0,0,0,Stationary Device,,8,AP,0
WIFI,0.8.9,1090385375,0,8,0,1,49547,49553,49502,117,0,0,0,0,0,0,0,0,0,0,0,4,0,0,0,0,0,0,0,0,1,2272,CA864A100000,9EE8D21F0000,,,,1672236690,14.6,0.0046968,0,0,0,Local MAC,,0,client,0
WIFI,0.8.9,983654806,0,8,0,1,49547,49553,,14,0,0,0,0,0,0,0,,0,0,1,13,0,0,0,0,0,0,0,0,3,4094,9A3B3CAF0000,4721BF4E0000,,,,1672236690,17.4,0.005409053,0,0,0,Unclassified,Labtam Limited,1,unknown,0
WIFI,0.8.9,2903852800,0,8,0,1,49547,49553,49502,14,0,0,0,0,0,0,0,0,0,0,1,13,0,0,0,0,0,0,0,0,10,3002,C1F8350E0000,4721BF4E0000,,,,1672236690,16.6,0.004018055,0,0,0,Unclassified,Labtam Limited,1,unknown,0
WIFI,0.8.9,601148113,0,8,0,1,49599,49622,49572,14,0,0,0,0,0,0,0,0,0,0,1,13,0,0,0,0,0,0,0,0,3,4094,273D98000000,4721BF4E0000,,,,1672236690,16.6,0.004018055,0,0,0,Unclassified,Labtam Limited,1,unknown,0
WIFI,0.8.9,3659905618,0,8,0,1,49599,49622,49572,14,0,0,0,0,0,0,0,0,0,0,1,13,0,0,0,0,0,0,0,0,3,4094,3B1B07D20000,4721BF4E0000,,,,1672236690,16.4,0.006875434,0,0,0,Unclassified,Labtam Limited,1,unknown,0
WIFI,0.8.9,3862775918,0,8,0,1,49666,49689,49639,277,0,0,0,0,0,0,0,0,0,0,0,5,0,0,0,1,0,0,0,0,9,624,9EE8D21F0000,4D598F810000,,,Endotech Guest,1672236690,15.2,0.0065416,0,0,0,Stationary Device,,8,AP,0
WIFI,0.8.9,3124451104,0,8,0,1,49783,49807,49756,275,11,0,0,0,0,0,0,0,0,0,0,8,0,0,0,0,0,0,0,0,10,848,CA864A100000,4F5CA1D90000,,,,1672236690,16.6,0.001721057,0,0,0,Local MAC,,0,AP,0
WIFI,0.8.9,1979507705,0,8,0,1,50178,50201,50151,275,11,0,0,0,0,0,0,0,0,0,0,8,0,0,0,0,0,0,0,0,10,864,CA864A100000,4F5CA1D90000,,,,1672236690,16.6,0.001721057,0,0,0,Local MAC,,0,AP,0
WIFI,0.8.9,156792787,0,8,0,1,50178,50295,,265,0,0,0,0,0,0,0,,0,0,0,8,0,0,0,0,0,0,0,0,9,256,CA864A100000,CC5428BF0000,,,N+AC0-Net,1672236690,14.6,0.002194291,0,1,0,Stationary Device,,4,AP,0
WIFI,0.8.9,2435711889,0,8,0,1,50587,50610,50560,275,11,0,0,0,0,0,0,0,0,0,0,8,0,0,0,0,0,0,0,0,10,880,CA864A100000,4F5CA1D90000,,,,1672236690,16.6,0.001721057,0,0,0,Local MAC,,0,AP,0
WIFI,0.8.9,1681390496,0,8,0,1,50997,51020,50969,275,11,0,0,0,0,0,0,0,0,0,0,8,0,0,0,0,0,0,0,0,10,896,CA864A100000,4F5CA1D90000,,,,1672236690,16.6,0.001721057,0,0,0,Local MAC,,0,AP,0
WIFI,0.8.9,1930346457,0,8,0,1,51406,51429,51379,275,11,0,0,0,0,0,0,0,0,0,0,8,0,0,0,0,0,0,0,0,10,912,CA864A100000,4F5CA1D90000,,,,1672236690,16.6,0.001721057,0,0,0,Local MAC,,0,AP,0
WIFI,0.8.9,647169408,0,8,0,1,51815,51838,51788,275,11,0,0,0,0,0,0,0,0,0,0,8,0,0,0,0,0,0,0,0,10,928,CA864A100000,4F5CA1D90000,,,,1672236690,16.6,0.001721057,0,0,0,Local MAC,,0,AP,0
WIFI,0.8.9,673026680,0,8,0,1,52225,52248,52197,275,11,0,0,0,0,0,0,0,0,0,0,8,0,0,0,0,0,0,0,0,10,944,CA864A100000,4F5CA1D90000,,,,1672236691,16.6,0.001721057,0,0,0,Local MAC,,0,AP,0
WIFI,0.8.9,1870097504,0,8,0,1,52634,52657,52607,275,11,0,0,0,0,0,0,0,0,0,0,8,0,0,0,0,0,0,0,0,10,960,CA864A100000,4F5CA1D90000,,,,1672236691,16.6,0.001721057,0,0,0,Local MAC,,0,AP,0
WIFI,0.8.9,3575700609,0,8,0,1,53043,53066,53016,275,11,0,0,0,0,0,0,0,0,0,0,8,0,0,0,0,0,0,0,0,10,976,CA864A100000,4F5CA1D90000,,,,1672236691,16.6,0.001721057,0,0,0,Local MAC,,0,AP,0
WIFI,0.8.9,3890576809,0,8,0,1,53453,53476,53425,275,11,0,0,0,0,0,0,0,0,0,0,8,0,0,0,0,0,0,0,0,10,992,CA864A100000,4F5CA1D90000,,,,1672236691,16.6,0.001721057,0,0,0,Local MAC,,0,AP,0
WIFI,0.8.9,309493636,0,8,0,1,54271,54294,54244,275,11,0,0,0,0,0,0,0,0,0,0,8,0,0,0,0,0,0,0,0,10,1024,CA864A100000,4F5CA1D90000,,,,1672236691,16.6,0.001721057,0,0,0,Local MAC,,0,AP,0
WIFI,0.8.9,1661592044,0,8,0,1,54681,54704,54653,275,11,0,0,0,0,0,0,0,0,0,0,8,0,0,0,0,0,0,0,0,10,1040,CA864A100000,4F5CA1D90000,,,,1672236691,16.6,0.001721057,0,0,0,Local MAC,,0,AP,0
WIFI,0.8.9,1369045524,0,8,0,1,55499,55522,55472,275,11,0,0,0,0,0,0,0,0,0,0,8,0,0,0,0,0,0,0,0,10,1072,CA864A100000,4F5CA1D90000,,,,1672236691,16.6,0.001721057,0,0,0,Local MAC,,0,AP,0
WIFI,0.8.9,2252316653,0,8,0,1,55909,55932,55882,275,11,0,0,0,0,0,0,0,0,0,0,8,0,0,0,0,0,0,0,0,10,1088,CA864A100000,4F5CA1D90000,,,,1672236691,16.6,0.001721057,0,0,0,Local MAC,,0,AP,0
WIFI,0.8.9,3161028589,0,8,0,1,56777,56830,56750,277,0,0,0,0,0,0,0,0,0,0,0,8,0,0,0,0,0,0,0,0,1,832,CA864A100000,3B1B07D20000,,,Endotech,1672236692,14.6,0.002194291,0,0,0,Stationary Device,,8,AP,0
WIFI,0.8.9,3414659326,0,8,0,1,57053,57076,,14,9,0,0,0,0,0,0,,0,0,1,13,0,0,0,0,0,0,0,0,3,4094,70657B760000,4721BF4E0000,,,,1672236692,17.2,0.002384898,0,0,0,Unclassified,Labtam Limited,1,unknown,0
WIFI,0.8.9,812446388,0,8,0,1,57137,57160,57109,275,11,0,0,0,0,0,0,0,0,0,0,8,0,0,0,0,0,0,0,0,10,1136,CA864A100000,4F5CA1D90000,,,,1672236692,16.6,0.001721057,0,0,0,Local MAC,,0,AP,0
WIFI,0.8.9,3312781957,0,8,0,1,57546,57569,57519,275,11,0,0,0,0,0,0,0,0,0,0,8,0,0,0,0,0,0,0,0,10,1152,CA864A100000,4F5CA1D90000,,,,1672236692,17.4,0.005409053,0,0,0,Local MAC,,0,AP,0
WIFI,0.8.9,3528216316,0,8,0,1,57955,57978,57928,275,11,0,0,0,0,0,0,0,0,0,0,8,0,0,0,0,0,0,0,0,10,1168,CA864A100000,4F5CA1D90000,,,,1672236692,16.6,0.001721057,0,0,0,Local MAC,,0,AP,0
WIFI,0.8.9,4204029809,0,8,0,1,58634,58657,,283,0,0,0,0,0,0,0,,0,0,0,8,0,0,0,0,0,0,0,0,9,1024,CA864A100000,4D598F810000,,,Endotech Guest,1672236692,16,0.0013,0,0,0,Stationary Device,,8,AP,0
WIFI,0.8.9,2540667047,0,8,0,1,58873,58946,58845,359,0,0,0,0,0,0,0,0,0,0,0,5,0,0,0,1,0,0,0,0,14,3040,CAC09B820000,07CB9AE30000,,,DIRECT+AC0-aJC1860 Series,1672236692,14.6,0.002194291,0,0,0,Unclassified,,0,AP,0
WIFI,0.8.9,1952591268,0,8,0,1,59593,59616,59565,275,11,0,0,0,0,0,0,0,0,0,0,8,0,0,0,0,0,0,0,0,10,1232,CA864A100000,4F5CA1D90000,,,,1672236692,16.6,0.001721057,0,0,0,Local MAC,,0,AP,0
WIFI,0.8.9,1185385612,0,8,0,1,60002,60025,59975,275,11,0,0,0,0,0,0,0,0,0,0,8,0,0,0,0,0,0,0,0,10,1248,CA864A100000,4F5CA1D90000,,,,1672236692,16.6,0.0030308,0,0,0,Local MAC,,0,AP,0
WIFI,0.8.9,3400877578,0,8,0,1,60251,60255,,283,0,0,0,0,0,0,0,,0,0,0,8,0,0,0,0,0,0,0,0,9,1104,CA864A100000,4D598F810000,,,Endotech Guest,1672236693,15.2,0.0065416,0,0,0,Stationary Device,,8,AP,0
WIFI,0.8.9,841131052,0,8,0,1,60432,60455,60404,275,11,0,0,0,0,0,0,0,0,0,0,8,0,0,0,0,0,0,0,0,10,1264,CA864A100000,4F5CA1D90000,,,,1672236693,16.6,0.0030308,0,0,0,Local MAC,,0,AP,0
WIFI,0.8.9,2772057227,0,8,0,1,60821,60844,60793,275,11,0,0,0,0,0,0,0,0,0,0,8,0,0,0,0,0,0,0,0,10,1280,CA864A100000,4F5CA1D90000,,,,1672236693,16,0.0013,0,0,0,Local MAC,,0,AP,0
WIFI,0.8.9,3561071331,0,8,0,1,61230,61253,61203,275,11,0,0,0,0,0,0,0,0,0,0,8,0,0,0,0,0,0,0,0,10,1296,CA864A100000,4F5CA1D90000,,,,1672236693,16,0.0013,0,0,0,Local MAC,,0,AP,0
WIFI,0.8.9,1533073987,0,8,0,1,61639,61662,61612,275,11,0,0,0,0,0,0,0,0,0,0,8,0,0,0,0,0,0,0,0,10,1312,CA864A100000,4F5CA1D90000,,,,1672236693,16,0.0013,0,0,0,Local MAC,,0,AP,0
WIFI,0.8.9,3872504091,0,8,0,1,62049,62072,62021,275,11,0,0,0,0,0,0,0,0,0,0,8,0,0,0,0,0,0,0,0,10,1328,CA864A100000,4F5CA1D90000,,,,1672236693,16,0.0013,0,0,0,Local MAC,,0,AP,0
WIFI,0.8.9,2634099708,0,8,0,1,62182,62205,62155,277,0,0,0,0,0,0,0,0,0,0,0,8,0,0,0,0,0,0,0,0,1,1088,CA864A100000,3B1B07D20000,,,Endotech,1672236693,15.2,0.003990485,0,0,0,Stationary Device,,8,AP,0
WIFI,0.8.9,829938914,0,8,0,1,62458,62481,62431,275,11,0,0,0,0,0,0,0,0,0,0,8,0,0,0,0,0,0,0,0,10,1344,CA864A100000,4F5CA1D90000,,,,1672236693,16,0.000714861,0,0,0,Local MAC,,0,AP,0
WIFI,0.8.9,1638335186,0,8,0,1,62707,62481,,283,0,0,0,0,0,0,0,,0,0,0,8,0,0,0,0,0,0,0,0,9,1200,CA864A100000,4D598F810000,,,Endotech Guest,1672236693,15.2,0.0065416,0,0,0,Stationary Device,,8,AP,0
WIFI,0.8.9,2888951050,0,8,0,1,62867,62890,62840,275,11,0,0,0,0,0,0,0,0,0,0,8,0,0,0,0,0,0,0,0,10,1360,CA864A100000,4F5CA1D90000,,,,1672236693,16,0.000714861,0,0,0,Local MAC,,0,AP,0
WIFI,0.8.9,2610888143,0,8,0,1,63116,63139,,283,0,0,0,0,0,0,0,,0,0,0,8,0,0,0,0,0,0,0,0,9,1248,CA864A100000,4D598F810000,,,Endotech Guest,1672236693,16,0.0013,0,0,0,Stationary Device,,8,AP,0
WIFI,0.8.9,1677087187,0,8,0,1,63277,63300,63249,275,11,0,0,0,0,0,0,0,0,0,0,8,0,0,0,0,0,0,0,0,10,1376,CA864A100000,4F5CA1D90000,,,,1672236693,16,0.000714861,0,0,0,Local MAC,,0,AP,0
WIFI,0.8.9,361465954,0,8,0,1,63333,63355,,277,0,0,0,0,0,0,0,,0,0,0,8,0,0,0,0,0,0,0,0,1,1168,CA864A100000,3B1B07D20000,,,Endotech,1672236693,14.6,0.000276227,0,0,0,Stationary Device,,8,AP,0
WIFI,0.8.9,2408607082,0,8,0,1,63333,63549,,283,0,0,0,0,0,0,0,,0,0,0,8,0,0,0,0,0,0,0,0,9,1264,CA864A100000,4D598F810000,,,Endotech Guest,1672236693,16,0.0013,0,0,0,Stationary Device,,8,AP,0
WIFI,0.8.9,2267328955,0,8,0,1,63686,63709,63659,275,11,0,0,0,0,0,0,0,0,0,0,8,0,0,0,0,0,0,0,0,10,1392,CA864A100000,4F5CA1D90000,,,,1672236693,16,0.000714861,0,0,0,Local MAC,,0,AP,0
WIFI,0.8.9,4257813467,0,8,0,1,63936,63959,,283,0,0,0,0,0,0,0,,0,0,0,8,0,0,0,0,0,0,0,0,9,1280,CA864A100000,4D598F810000,,,Endotech Guest,1672236693,15.2,0.0065416,0,0,0,Stationary Device,,8,AP,0
WIFI,0.8.9,1916619146,0,8,0,1,64095,64118,64068,275,11,0,0,0,0,0,0,0,0,0,0,8,0,0,0,0,0,0,0,0,10,1408,CA864A100000,4F5CA1D90000,,,,1672236693,16,0.000714861,0,0,0,Local MAC,,0,AP,0
WIFI,0.8.9,1694764531,0,8,0,1,64513,64537,64486,275,11,0,0,0,0,0,0,0,0,0,0,8,0,0,0,0,0,0,0,0,10,1424,CA864A100000,4F5CA1D90000,,,,1672236694,16,0.000714861,0,0,0,Local MAC,,0,AP,0
WIFI,0.8.9,2286119852,0,8,0,1,64513,64537,64486,277,0,0,0,0,0,0,0,0,0,0,0,8,0,0,0,0,0,0,0,0,1,1216,CA864A100000,3B1B07D20000,,,Endotech,1672236694,14.6,0.003665818,0,0,0,Stationary Device,,8,AP,0
WIFI,0.8.9,2894262305,0,8,0,1,64827,64851,64888,94,0,0,0,0,0,0,0,0,0,0,2,8,1,0,0,0,0,0,1,0,13,1456,C3114DDA0000,4116AFC10000,,,,1672236694,14.6,0.002194291,0,0,0,Unclassified,Shenzhen Trolink Technology CO LTD,1,child,1
WIFI,0.8.9,256817425,0,8,0,1,65086,65109,,277,0,0,0,0,0,0,0,,0,0,0,8,0,0,0,0,0,0,0,0,1,1232,CA864A100000,3B1B07D20000,,,Endotech,1672236694,14.6,0.003665818,0,0,0,Stationary Device,,8,AP,0
WIFI,0.8.9,1041702994,0,8,0,1,65323,65346,65296,275,11,0,0,0,0,0,0,0,0,0,0,8,0,0,0,0,0,0,0,0,10,1456,CA864A100000,4F5CA1D90000,,,,1672236694,15.2,0.006572471,0,0,0,Local MAC,,0,AP,0
WIFI,0.8.9,101658428,0,8,0,1,65517,65397,,277,0,0,0,0,0,0,0,,0,0,0,8,0,0,0,0,0,0,0,0,1,1248,CA864A100000,3B1B07D20000,,,Endotech,1672236694,14.6,0.003665818,0,0,0,Stationary Device,,8,AP,0
WIFI,0.8.9,2038292042,0,8,0,1,65733,65756,65705,275,11,0,0,0,0,0,0,0,0,0,0,8,0,0,0,0,0,0,0,0,10,1472,CA864A100000,4F5CA1D90000,,,,1672236694,15.2,0.006572471,0,0,0,Local MAC,,0,AP,0
WIFI,0.8.9,3274337963,0,8,0,1,66142,66165,66114,275,11,0,0,0,0,0,0,0,0,0,0,8,0,0,0,0,0,0,0,0,10,1488,CA864A100000,4F5CA1D90000,,,,1672236694,15.2,0.006572471,0,0,0,Local MAC,,0,AP,0
WIFI,0.8.9,3414659326,0,8,0,1,66367,66419,,14,9,0,0,0,0,0,0,,0,0,1,13,0,0,0,0,0,0,0,0,3,4094,70657B760000,4721BF4E0000,,,,1672236694,14.6,0.003321238,0,0,0,Unclassified,Labtam Limited,1,unknown,0
WIFI,0.8.9,1456589398,0,8,0,1,66437,66461,,283,0,0,0,0,0,0,0,,0,0,0,8,0,0,0,0,0,0,0,0,9,1376,CA864A100000,4D598F810000,,,Endotech Guest,1672236694,15.2,0.0065416,0,0,0,Stationary Device,,8,AP,0
WIFI,0.8.9,3464502481,0,8,0,1,66437,66461,66409,234,0,0,0,0,0,0,0,0,0,0,0,5,0,0,0,0,0,0,0,0,4,400,C3E828CC0000,A5FF51A00000,,,koren wifi,1672236694,16,0.0013,0,0,0,Unclassified,,0,AP,0
WIFI,0.8.9,2730501552,0,8,0,1,66493,66516,66466,257,0,0,0,0,0,0,0,0,0,0,0,8,0,0,0,0,0,0,0,0,15,3552,CA864A100000,A5FF51A00000,,,koren wifi,1672236694,14.6,0.003665818,0,0,0,Unclassified,,0,AP,0
WIFI,0.8.9,290691568,0,8,0,1,66493,66516,66466,234,0,0,0,0,0,0,0,0,0,0,0,5,0,0,0,1,0,0,0,0,4,400,C3E828CC0000,A5FF51A00000,,,koren wifi,1672236694,14,0.000209523,0,0,0,Unclassified,,0,AP,0
WIFI,0.8.9,3490327142,0,8,0,1,66698,66721,,277,0,0,0,0,0,0,0,,0,0,0,8,0,0,0,0,0,0,0,0,1,1312,CA864A100000,3B1B07D20000,,,Endotech,1672236694,15.2,0.006572471,0,0,0,Stationary Device,,8,AP,0
WIFI,0.8.9,2238375715,0,8,0,1,66961,66984,66933,275,11,0,0,0,0,0,0,0,0,0,0,8,0,0,0,0,0,0,0,0,10,1520,CA864A100000,4F5CA1D90000,,,,1672236694,15.2,0.006572471,0,0,0,Local MAC,,0,AP,0
WIFI,0.8.9,3414659326,0,8,0,1,67112,67088,,14,10,0,0,0,0,0,0,,0,0,1,13,0,0,0,0,0,0,0,0,3,4094,70657B760000,4721BF4E0000,,,,1672236694,14.6,0.003321238,0,0,0,Unclassified,Labtam Limited,1,unknown,0
WIFI,0.8.9,1356089847,0,8,0,1,67127,67151,67100,140,2,0,0,0,0,0,0,0,0,0,0,4,0,0,0,0,0,0,0,0,5,3648,CA864A100000,8DDDB9470000,,,,1672236694,14.6,0.002194291,0,0,0,Local MAC,,0,client,0
WIFI,0.8.9,756708451,0,8,0,1,67187,67210,,14,0,0,0,0,0,0,0,,0,0,1,13,0,0,0,0,0,0,0,0,3,4094,4D598F810000,4721BF4E0000,,,,1672236694,14,0.006507114,0,0,0,Unclassified,Labtam Limited,1,unknown,0
WIFI,0.8.9,3448926239,0,8,0,1,67220,67243,67192,140,0,0,0,0,0,0,0,0,0,0,0,4,0,0,0,0,0,0,0,0,5,3664,CA864A100000,8DDDB9470000,,,,1672236694,14,0.001360141,0,0,0,Local MAC,,0,client,0
WIFI,0.8.9,1372505643,0,8,0,1,67220,67243,,359,0,0,0,0,0,0,0,,0,0,0,5,0,0,0,0,0,0,0,0,14,3408,8DDDB9470000,07CB9AE30000,,,DIRECT+AC0-aJC1860 Series,1672236694,14.6,0.002194291,0,0,0,Unclassified,,0,AP,0
WIFI,0.8.9,4140074388,0,8,0,1,67220,67243,,359,0,0,0,0,0,0,0,,0,0,0,5,0,0,0,1,0,0,0,0,14,3408,8DDDB9470000,07CB9AE30000,,,DIRECT+AC0-aJC1860 Series,1672236694,16,0.0013,0,0,0,Unclassified,,0,AP,0
WIFI,0.8.9,140962740,0,8,0,1,67387,67410,67360,275,11,0,0,0,0,0,0,0,0,0,0,8,0,0,0,0,0,0,0,0,10,1536,CA864A100000,4F5CA1D90000,,,,1672236694,15.2,0.006572471,0,0,0,Local MAC,,0,AP,0
WIFI,0.8.9,105063418,0,8,0,1,67657,67640,,359,0,0,0,0,0,0,0,,0,0,0,5,0,0,0,0,0,0,0,0,14,3440,CF7A93360000,07CB9AE30000,,,DIRECT+AC0-aJC1860 Series,1672236694,15.2,0.0065416,0,0,0,Unclassified,,0,AP,0
WIFI,0.8.9,2705940549,0,8,0,1,67695,67718,67560,359,0,0,0,0,0,0,0,0,0,0,0,5,0,0,0,1,0,0,0,0,14,3440,CF7A93360000,07CB9AE30000,,,DIRECT+AC0-aJC1860 Series,1672236694,15.2,0.0065416,0,0,0,Unclassified,,0,AP,0
WIFI,0.8.9,1349183687,0,8,0,1,68047,68070,,359,0,0,0,0,0,0,0,,0,0,0,5,0,0,0,1,0,0,0,0,14,3472,CF7A93360000,07CB9AE30000,,,DIRECT+AC0-aJC1860 Series,1672236694,15.2,0.0065416,0,0,0,Unclassified,,0,AP,0
WIFI,0.8.9,2319705372,0,8,0,1,68047,68070,68019,257,0,0,0,0,0,0,0,0,0,0,0,8,0,0,0,0,0,0,0,0,15,3616,CA864A100000,A5FF51A00000,,,koren wifi,1672236694,14.6,0.0046968,0,0,0,Unclassified,,0,AP,0
WIFI,0.8.9,4131130748,0,8,0,1,68194,68218,68167,275,11,0,0,0,0,0,0,0,0,0,0,8,0,0,0,0,0,0,0,0,10,1568,CA864A100000,4F5CA1D90000,,,,1672236694,15.2,0.006572471,0,0,0,Local MAC,,0,AP,0
WIFI,0.8.9,3124223929,0,8,0,1,68278,68284,,117,0,0,0,0,0,0,0,,0,0,0,4,0,0,0,0,0,0,0,0,1,1792,CA864A100000,9EF582480000,,,,1672236695,14.6,0.002194291,0,0,0,Local MAC,,0,client,0
WIFI,0.8.9,1042091155,0,8,0,1,68278,68284,,359,0,0,0,0,0,0,0,,0,0,0,5,0,0,0,0,0,0,0,0,14,3488,9EF582480000,07CB9AE30000,,,DIRECT+AC0-aJC1860 Series,1672236695,15.2,0.0065416,0,0,0,Unclassified,,0,AP,0
WIFI,0.8.9,3338106134,0,8,0,1,68455,68478,,359,0,0,0,0,0,0,0,,0,0,0,5,0,0,0,1,0,0,0,0,14,3504,9EF582480000,07CB9AE30000,,,DIRECT+AC0-aJC1860 Series,1672236695,15.2,0.0065416,0,0,0,Unclassified,,0,AP,0
WIFI,0.8.9,3901052007,0,8,0,1,68507,68531,,257,0,0,0,0,0,0,0,,0,0,0,8,0,0,0,0,0,0,0,0,15,3632,CA864A100000,A5FF51A00000,,,koren wifi,1672236695,14,0.000471155,0,0,0,Unclassified,,0,AP,0
WIFI,0.8.9,1267559972,0,8,0,1,68598,68621,68570,275,11,0,0,0,0,0,0,0,0,0,0,8,0,0,0,0,0,0,0,0,10,1584,CA864A100000,4F5CA1D90000,,,,1672236695,15.4,0.006027512,0,0,0,Local MAC,,0,AP,0
WIFI,0.8.9,2620066781,0,8,0,1,69007,69030,68980,275,11,0,0,0,0,0,0,0,0,0,0,8,0,0,0,0,0,0,0,0,10,1600,CA864A100000,4F5CA1D90000,,,,1672236695,15.2,0.006572471,0,0,0,Local MAC,,0,AP,0
WIFI,0.8.9,8454617,0,8,0,1,69198,69221,,277,0,0,0,0,0,0,0,,0,0,0,8,0,0,0,0,0,0,0,0,1,1456,CA864A100000,3B1B07D20000,,,Endotech,1672236695,15.2,0.006572471,0,0,0,Stationary Device,,8,AP,0
WIFI,0.8.9,23933493,0,8,0,1,69417,69440,69389,275,11,0,0,0,0,0,0,0,0,0,0,8,0,0,0,0,0,0,0,0,10,1616,CA864A100000,4F5CA1D90000,,,,1672236695,15.2,0.006572471,0,0,0,Local MAC,,0,AP,0
WIFI,0.8.9,1945162778,0,8,0,1,69517,69540,69490,14,9,0,0,0,0,0,0,0,0,0,1,13,0,0,0,0,0,0,0,0,3,4094,70657B760000,4721BF4E0000,,,,1672236695,14.6,0.0046968,0,0,0,Unclassified,Labtam Limited,1,unknown,0
WIFI,0.8.9,26732774,0,8,0,1,69671,69694,69644,283,0,0,0,0,0,0,0,0,0,0,0,8,0,0,0,0,0,0,0,0,9,1568,CA864A100000,4D598F810000,,,Endotech Guest,1672236695,14.6,0.002997375,0,0,0,Stationary Device,,8,AP,0
WIFI,0.8.9,3467282156,0,8,0,1,69826,69849,69798,275,11,0,0,0,0,0,0,0,0,0,0,8,0,0,0,0,0,0,0,0,10,1632,CA864A100000,4F5CA1D90000,,,,1672236695,15.4,0.006027512,0,0,0,Local MAC,,0,AP,0
WIFI,0.8.9,2114944542,0,8,0,1,70033,70056,,277,0,0,0,0,0,0,0,,0,0,0,8,0,0,0,0,0,0,0,0,1,1504,CA864A100000,3B1B07D20000,,,Endotech,1672236695,15.2,0.006572471,0,0,0,Stationary Device,,8,AP,0
WIFI,0.8.9,712533636,0,8,0,1,70235,70258,70208,275,11,0,0,0,0,0,0,0,0,0,0,8,0,0,0,0,0,0,0,0,10,1648,CA864A100000,4F5CA1D90000,,,,1672236695,15.4,0.006027512,0,0,0,Local MAC,,0,AP,0
WIFI,0.8.9,3747716789,0,8,0,1,70645,70668,70617,275,11,0,0,0,0,0,0,0,0,0,0,8,0,0,0,0,0,0,0,0,10,1664,CA864A100000,4F5CA1D90000,,,,1672236695,15.4,0.006027512,0,0,0,Local MAC,,0,AP,0
WIFI,0.8.9,3361266380,0,8,0,1,71054,71077,71026,275,11,0,0,0,0,0,0,0,0,0,0,8,0,0,0,0,0,0,0,0,10,1680,CA864A100000,4F5CA1D90000,,,,1672236695,15.4,0.006027512,0,0,0,Local MAC,,0,AP,0
WIFI,0.8.9,41165096,0,8,0,1,71169,71193,,277,0,0,0,0,0,0,0,,0,0,0,8,0,0,0,0,0,0,0,0,1,1616,CA864A100000,3B1B07D20000,,,Endotech,1672236695,15.2,0.006572471,0,0,0,Stationary Device,,8,AP,0
WIFI,0.8.9,2684356816,0,8,0,1,71311,71334,,359,0,0,0,0,0,0,0,,0,0,0,5,0,0,0,1,0,0,0,0,14,3632,4.05355E+11,07CB9AE30000,,,DIRECT+AC0-aJC1860 Series,1672236695,14.6,0.002194291,0,0,0,Unclassified,,0,AP,0
WIFI,0.8.9,2646958229,0,8,0,1,71463,71486,71436,275,11,0,0,0,0,0,0,0,0,0,0,8,0,0,0,0,0,0,0,0,10,1696,CA864A100000,4F5CA1D90000,,,,1672236695,15.4,0.006027512,0,0,0,Local MAC,,0,AP,0
WIFI,0.8.9,2763677461,0,8,0,1,71613,71630,,277,0,0,0,0,0,0,0,,0,0,0,8,0,0,0,0,0,0,0,0,1,1632,CA864A100000,3B1B07D20000,,,Endotech,1672236695,15.2,0.006572471,0,0,0,Stationary Device,,8,AP,0
WIFI,0.8.9,2471229293,0,8,0,1,71876,71899,71848,275,11,0,0,0,0,0,0,0,0,0,0,8,0,0,0,0,0,0,0,0,10,1712,CA864A100000,4F5CA1D90000,,,,1672236695,15.4,0.006027512,0,0,0,Local MAC,,0,AP,0
WIFI,0.8.9,3558934901,0,8,0,1,72282,72305,72254,275,11,0,0,0,0,0,0,0,0,0,0,8,0,0,0,0,0,0,0,0,10,1728,CA864A100000,4F5CA1D90000,,,,1672236696,15.4,0.006027512,0,0,0,Local MAC,,0,AP,0
WIFI,0.8.9,2540749930,0,8,0,1,72449,72473,72422,277,0,0,0,0,0,0,0,0,0,0,0,8,0,0,0,0,0,0,0,0,1,1696,CA864A100000,3B1B07D20000,,,Endotech,1672236696,14.6,0.0046968,0,0,0,Stationary Device,,8,AP,0
WIFI,0.8.9,1853274516,0,8,0,1,72691,72714,72664,275,11,0,0,0,0,0,0,0,0,0,0,8,0,0,0,0,0,0,0,0,10,1744,CA864A100000,4F5CA1D90000,,,,1672236696,15.4,0.006027512,0,0,0,Local MAC,,0,AP,0
WIFI,0.8.9,1555241148,0,8,0,1,73101,73124,73073,275,11,0,0,0,0,0,0,0,0,0,0,8,0,0,0,0,0,0,0,0,10,1760,CA864A100000,4F5CA1D90000,,,,1672236696,15.4,0.006027512,0,0,0,Local MAC,,0,AP,0
WIFI,0.8.9,761935232,0,8,0,1,73257,73280,,277,0,0,0,0,0,0,0,,0,0,0,5,0,0,0,0,0,0,0,0,9,1744,A808EA6D0000,4D598F810000,,,Endotech Guest,1672236696,16,1.77280000000093E+AC0-06,0,0,0,Stationary Device,,8,AP,0
WIFI,0.8.9,674639900,0,8,0,1,73510,73533,73482,275,11,0,0,0,0,0,0,0,0,0,0,8,0,0,0,0,0,0,0,0,10,1776,CA864A100000,4F5CA1D90000,,,,1672236696,15.4,0.006027512,0,0,0,Local MAC,,0,AP,0
WIFI,0.8.9,199682253,0,8,0,1,74329,74352,74301,275,11,0,0,0,0,0,0,0,0,0,0,8,0,0,0,0,0,0,0,0,10,1808,CA864A100000,4F5CA1D90000,,,,1672236696,15.4,0.006027512,0,0,0,Local MAC,,0,AP,0
WIFI,0.8.9,3414659326,0,8,0,1,74596,74620,,14,9,0,0,0,0,0,0,,0,0,1,13,0,0,0,0,0,0,0,0,3,4094,70657B760000,4721BF4E0000,,,,1672236696,14.6,0.0046968,0,0,0,Unclassified,Labtam Limited,1,unknown,0
WIFI,0.8.9,2227671149,0,8,0,1,74738,74761,74710,275,11,0,0,0,0,0,0,0,0,0,0,8,0,0,0,0,0,0,0,0,10,1824,CA864A100000,4F5CA1D90000,,,,1672236696,15.4,0.006027512,0,0,0,Local MAC,,0,AP,0
WIFI,0.8.9,3957853753,0,8,0,1,74995,75018,74967,94,0,0,0,0,0,0,0,0,0,0,2,8,1,0,0,0,0,0,1,0,13,1472,C3114DDA0000,4116AFC10000,,,,1672236696,16,0.0013,0,0,0,Unclassified,Shenzhen Trolink Technology CO LTD,1,child,1
WIFI,0.8.9,3414659326,0,8,0,1,75099,75122,,14,9,0,0,0,0,0,0,,0,0,1,13,0,0,0,0,0,0,0,0,3,4094,70657B760000,4721BF4E0000,,,,1672236696,14.6,0.0046968,0,0,0,Unclassified,Labtam Limited,1,unknown,0
WIFI,0.8.9,964096821,0,8,0,1,75147,75170,75120,275,11,0,0,0,0,0,0,0,0,0,0,8,0,0,0,0,0,0,0,0,10,1840,CA864A100000,4F5CA1D90000,,,,1672236696,15.4,0.006027512,0,0,0,Local MAC,,0,AP,0
WIFI,0.8.9,4006647500,0,8,0,1,75557,75580,75529,275,11,0,0,0,0,0,0,0,0,0,0,8,0,0,0,0,0,0,0,0,10,1856,CA864A100000,4F5CA1D90000,,,,1672236696,15.4,0.006027512,0,0,0,Local MAC,,0,AP,0
WIFI,0.8.9,1939255076,0,8,0,1,75966,75989,75938,275,11,0,0,0,0,0,0,0,0,0,0,8,0,0,0,0,0,0,0,0,10,1872,CA864A100000,4F5CA1D90000,,,,1672236696,14.6,0.0046968,0,0,0,Local MAC,,0,AP,0
WIFI,0.8.9,3159432189,0,8,0,1,76375,76398,76348,275,11,0,0,0,0,0,0,0,0,0,0,8,0,0,0,0,0,0,0,0,10,1888,CA864A100000,4F5CA1D90000,,,,1672236697,15.4,0.006027512,0,0,0,Local MAC,,0,AP,0
WIFI,0.8.9,1485044629,0,8,0,1,76785,76808,76757,275,11,0,0,0,0,0,0,0,0,0,0,8,0,0,0,0,0,0,0,0,10,1904,CA864A100000,4F5CA1D90000,,,,1672236697,15.4,0.006027512,0,0,0,Local MAC,,0,AP,0
WIFI,0.8.9,2912551844,0,8,0,1,77194,77217,77167,275,11,0,0,0,0,0,0,0,0,0,0,8,0,0,0,0,0,0,0,0,10,1920,CA864A100000,4F5CA1D90000,,,,1672236697,14.6,0.0046968,0,0,0,Local MAC,,0,AP,0
WIFI,0.8.9,3774716069,0,8,0,1,77194,77217,,154,0,0,0,0,0,0,0,,0,0,0,4,0,0,0,0,0,0,0,0,11,224,CA864A100000,ACB292330000,,,,1672236697,11.8,0.002027337,0,0,0,Local MAC,,0,client,0
WIFI,0.8.9,2490937349,0,8,0,1,77274,77304,77167,154,0,0,0,0,0,0,0,0,0,0,0,4,0,0,0,0,0,0,0,0,11,240,CA864A100000,ACB292330000,,,,1672236697,14,0.000336962,0,0,0,Local MAC,,0,client,0
WIFI,0.8.9,2933064983,0,8,0,1,77453,77476,,359,0,0,0,0,0,0,0,,0,0,0,5,0,0,0,0,0,0,0,0,14,3920,CAC09B820000,07CB9AE30000,,,DIRECT+AC0-aJC1860 Series,1672236697,15.2,0.0065416,0,0,0,Unclassified,,0,AP,0
WIFI,0.8.9,165234344,0,8,0,1,77453,77476,77425,359,0,0,0,0,0,0,0,0,0,0,0,5,0,0,0,1,0,0,0,0,14,3920,CAC09B820000,07CB9AE30000,,,DIRECT+AC0-aJC1860 Series,1672236697,15.2,0.0065416,0,0,0,Unclassified,,0,AP,0
WIFI,0.8.9,165234344,0,8,0,1,77453,77476,,359,0,0,0,0,0,0,0,,0,0,0,5,0,0,0,1,0,0,0,0,14,3920,CAC09B820000,07CB9AE30000,,,DIRECT+AC0-aJC1860 Series,1672236697,15.2,0.0065416,0,0,0,Unclassified,,0,AP,0
WIFI,0.8.9,3131262941,0,8,0,1,77603,77626,77576,275,11,0,0,0,0,0,0,0,0,0,0,8,0,0,0,0,0,0,0,0,10,1936,CA864A100000,4F5CA1D90000,,,,1672236697,14.6,0.0046968,0,0,0,Local MAC,,0,AP,0
WIFI,0.8.9,4013882756,0,8,0,1,78013,78036,77985,275,11,0,0,0,0,0,0,0,0,0,0,8,0,0,0,0,0,0,0,0,10,1952,CA864A100000,4F5CA1D90000,,,,1672236697,15.4,0.006027512,0,0,0,Local MAC,,0,AP,0
WIFI,0.8.9,3786435196,0,8,0,1,78428,78451,78400,275,11,0,0,0,0,0,0,0,0,0,0,8,0,0,0,0,0,0,0,0,10,1968,CA864A100000,4F5CA1D90000,,,,1672236697,15.4,0.006027512,0,0,0,Local MAC,,0,AP,0
WIFI,0.8.9,2799342692,0,8,0,1,78831,78854,78804,275,11,0,0,0,0,0,0,0,0,0,0,8,0,0,0,0,0,0,0,0,10,1984,CA864A100000,4F5CA1D90000,,,,1672236697,15.2,0.006572471,0,0,0,Local MAC,,0,AP,0
WIFI,0.8.9,2745645613,0,8,0,1,78973,78996,,359,0,0,0,0,0,0,0,,0,0,0,5,0,0,0,0,0,0,0,0,14,4016,7EE1B3010000,07CB9AE30000,,,DIRECT+AC0-aJC1860 Series,1672236697,15.2,0.0065416,0,0,0,Unclassified,,0,AP,0
WIFI,0.8.9,2830461061,0,8,0,1,79092,79115,79064,283,0,0,0,0,0,0,0,0,0,0,0,8,0,0,0,0,0,0,0,0,9,2032,CA864A100000,4D598F810000,,,Endotech Guest,1672236697,16.6,0.004021608,0,0,0,Stationary Device,,8,AP,0
WIFI,0.8.9,479011973,0,8,0,1,79241,79264,79213,275,11,0,0,0,0,0,0,0,0,0,0,8,0,0,0,0,0,0,0,0,10,2000,CA864A100000,4F5CA1D90000,,,,1672236697,15.4,0.006027512,0,0,0,Local MAC,,0,AP,0
WIFI,0.8.9,83260015,0,8,0,1,79241,79264,,359,0,0,0,0,0,0,0,,0,0,0,5,0,0,0,0,0,0,0,0,14,4064,CAC09B820000,07CB9AE30000,,,DIRECT+AC0-aJC1860 Series,1672236697,15.2,0.0065416,0,0,0,Unclassified,,0,AP,0
WIFI,0.8.9,2751214032,0,8,0,1,79241,79264,79213,359,0,0,0,0,0,0,0,0,0,0,0,5,0,0,0,1,0,0,0,0,14,4064,CAC09B820000,07CB9AE30000,,,DIRECT+AC0-aJC1860 Series,1672236697,15.4,0.005052858,0,0,0,Unclassified,,0,AP,0
WIFI,0.8.9,2751214032,0,8,0,1,79241,79264,,359,0,0,0,0,0,0,0,,0,0,0,5,0,0,0,1,0,0,0,0,14,4064,CAC09B820000,07CB9AE30000,,,DIRECT+AC0-aJC1860 Series,1672236697,14.6,0.004055706,0,0,0,Unclassified,,0,AP,0
WIFI,0.8.9,776504749,0,8,0,1,79650,79673,79622,275,11,0,0,0,0,0,0,0,0,0,0,8,0,0,0,0,0,0,0,0,10,2016,CA864A100000,4F5CA1D90000,,,,1672236697,15.4,0.006027512,0,0,0,Local MAC,,0,AP,0
WIFI,0.8.9,932495797,0,8,0,1,79650,79673,79622,359,0,0,0,0,0,0,0,0,0,0,0,5,0,0,0,1,0,0,0,0,15,0,7EE1B3010000,07CB9AE30000,,,DIRECT+AC0-aJC1860 Series,1672236697,14.6,0.0046968,0,0,0,Unclassified,,0,AP,0
WIFI,0.8.9,3414659326,0,8,0,1,80420,80444,,14,9,0,0,0,0,0,0,,0,0,1,13,0,0,0,0,0,0,0,0,3,4094,70657B760000,4721BF4E0000,,,,1672236698,14,0.000471155,0,0,0,Unclassified,Labtam Limited,1,unknown,0
WIFI,0.8.9,2629085581,0,8,0,1,80469,80492,80441,275,11,0,0,0,0,0,0,0,0,0,0,8,0,0,0,0,0,0,0,0,10,2048,CA864A100000,4F5CA1D90000,,,,1672236698,14.6,0.0046968,0,0,0,Local MAC,,0,AP,0
WIFI,0.8.9,3989780453,0,8,0,1,80878,80901,80850,275,11,0,0,0,0,0,0,0,0,0,0,8,0,0,0,0,0,0,0,0,10,2064,CA864A100000,4F5CA1D90000,,,,1672236698,14.6,0.0046968,0,0,0,Local MAC,,0,AP,0
WIFI,0.8.9,558021234,0,8,0,1,80928,81060,,271,0,0,0,0,0,0,0,,0,0,0,5,0,0,0,0,0,0,0,0,1,2224,9A47AD6A0000,3B1B07D20000,,,Endotech,1672236698,15.4,0.006027512,0,0,0,Stationary Device,,8,AP,0
WIFI,0.8.9,1672562331,0,8,0,1,80928,81088,,359,0,0,0,0,0,0,0,,0,0,0,5,0,0,0,1,0,0,0,0,15,128,9A47AD6A0000,07CB9AE30000,,,DIRECT+AC0-aJC1860 Series,1672236698,14.6,0.0046968,0,0,0,Unclassified,,0,AP,0
WIFI,0.8.9,1659785029,0,8,0,1,81290,81313,81262,275,11,0,0,0,0,0,0,0,0,0,0,8,0,0,0,0,0,0,0,0,10,2080,CA864A100000,4F5CA1D90000,,,,1672236698,14.6,0.0046968,0,0,0,Local MAC,,0,AP,0
WIFI,0.8.9,3747556381,0,8,0,1,81697,81720,81669,275,11,0,0,0,0,0,0,0,0,0,0,8,0,0,0,0,0,0,0,0,10,2096,CA864A100000,4F5CA1D90000,,,,1672236698,14.6,0.0046968,0,0,0,Local MAC,,0,AP,0
WIFI,0.8.9,150555108,0,8,0,1,82106,82129,82078,275,11,0,0,0,0,0,0,0,0,0,0,8,0,0,0,0,0,0,0,0,10,2112,CA864A100000,4F5CA1D90000,,,,1672236698,14.6,0.0046968,0,0,0,Local MAC,,0,AP,0
WIFI,0.8.9,2512351244,0,8,0,1,82515,82538,82488,275,11,0,0,0,0,0,0,0,0,0,0,8,0,0,0,0,0,0,0,0,10,2128,CA864A100000,4F5CA1D90000,,,,1672236698,14.6,0.0046968,0,0,0,Local MAC,,0,AP,0
WIFI,0.8.9,1517864149,0,8,0,1,82925,82948,82897,275,11,0,0,0,0,0,0,0,0,0,0,8,0,0,0,0,0,0,0,0,10,2144,CA864A100000,4F5CA1D90000,,,,1672236698,14.6,0.0046968,0,0,0,Local MAC,,0,AP,0
WIFI,0.8.9,1289234410,0,8,0,1,83228,83251,,295,0,0,0,0,0,0,0,,0,0,0,8,0,0,0,0,0,0,0,0,13,2544,CA864A100000,EC781AEA0000,,,Wi+AC0-Charge+AF8-IOT,1672236698,14.6,0.002194291,0,0,0,Unclassified,Tp+AC0-Link Technologies Co.Ltd.,1,AP,0
WIFI,0.8.9,3198821565,0,8,0,1,83334,83357,83306,275,11,0,0,0,0,0,0,0,0,0,0,8,0,0,0,0,0,0,0,0,10,2160,CA864A100000,4F5CA1D90000,,,,1672236698,14.6,0.0046968,0,0,0,Local MAC,,0,AP,0
WIFI,0.8.9,1270078604,0,8,0,1,83743,83766,83716,275,11,0,0,0,0,0,0,0,0,0,0,8,0,0,0,0,0,0,0,0,10,2176,CA864A100000,4F5CA1D90000,,,,1672236698,15.4,0.006027512,0,0,0,Local MAC,,0,AP,0
WIFI,0.8.9,1552586997,0,8,0,1,84153,84176,84125,275,11,0,0,0,0,0,0,0,0,0,0,8,0,0,0,0,0,0,0,0,10,2192,CA864A100000,4F5CA1D90000,,,,1672236698,15.4,0.006027512,0,0,0,Local MAC,,0,AP,0
